FYR,AMOUNT,DEPTNAME,SUBDEPTNAME,VENDORNAME
Fiscal 12/13,685812.7,Debt Service Expenditures,Debt Service-Non-Departmental,NEVADA LAND LLC
Fiscal 12/13,5061163.58,Debt Service Expenditures,Debt Service-Non-Departmental,NEVADA STATE TREASURER
Fiscal 12/13,7178.4,Debt Service Expenditures,Debt Service-Non-Departmental,PNC EQUIPMENT FINANCE LLC
Fiscal 12/13,1739.14,Debt Service Expenditures,Debt Service-Non-Departmental,RENO GAZETTE JOURNAL
Fiscal 12/13,258563,Debt Service Expenditures,Debt Service-Non-Departmental,RENO SPARKS CONVENTION &
Fiscal 12/13,53791.4,Debt Service Expenditures,Debt Service-Non-Departmental,RJB DEVELOPMENT CO A NEVADA CORPORATION
Fiscal 12/13,30000,Debt Service Expenditures,Debt Service-Non-Departmental,STANDARD & POOR'S CORPORATION
Fiscal 12/13,230308.19,Debt Service Expenditures,Debt Service-Non-Departmental,SUNTRUST EQUIPMENT FINANCE AND LEASING CORP.
Fiscal 12/13,16296951.56,Debt Service Expenditures,Debt Service-Non-Departmental,THE BANK OF NEW YORK
Fiscal 12/13,85037.5,Debt Service Expenditures,Debt Service-Non-Departmental,US BANK
Fiscal 12/13,85037.37,Debt Service Expenditures,Debt Service-Non-Departmental,US BANK 
Fiscal 12/13,5028,Debt Service Expenditures,Debt Service-Non-Departmental,WASHOE COUNTY RECORDER
Fiscal 12/13,136720,Debt Service Expenditures,Debt Service-Non-Departmental,WELLS FARGO BANK
Fiscal 12/13,12214.29,Debt Service Expenditures,Debt Service-Non-Departmental,ZIONS BANK PUBLIC FINANCE
Fiscal 12/13,16440.56,Finance,Finance-Accounting,BANK OF AMERICA - CARDS
Fiscal 12/13,675,Finance,Finance-Accounting,CAPITAL GLASS INC
Fiscal 12/13,3062,Finance,Finance-Accounting,CCS PRESENTATION SYSTEMS
Fiscal 12/13,6090.38,Finance,Finance-Accounting,CDW-G GOVERNMENT INC
Fiscal 12/13,86.48,Finance,Finance-Accounting,CHISEL
Fiscal 12/13,-511.79,Finance,Finance-Accounting,COSTCO
Fiscal 12/13,25,Finance,Finance-Accounting,ENCOMPASS
Fiscal 12/13,13.27,Finance,Finance-Accounting,FEDERAL EXPRESS CORP
Fiscal 12/13,225,Finance,Finance-Accounting,FINANCIAL ACCT FOUNDATION-GASB
Fiscal 12/13,890,Finance,Finance-Accounting,GFOA
Fiscal 12/13,91.56,Finance,Finance-Accounting,"GOVCONNECTION, INC"
Fiscal 12/13,725,Finance,Finance-Accounting,GOVT FINANCIAL OFFICERS ASSOC
Fiscal 12/13,114,Finance,Finance-Accounting,HAMILTON
Fiscal 12/13,468.5,Finance,Finance-Accounting,HASLER INC
Fiscal 12/13,24712.8,Finance,Finance-Accounting,LOOMIS FARGO & CO
Fiscal 12/13,7500,Finance,Finance-Accounting,"MAXIMUS, INC."
Fiscal 12/13,3645.31,Finance,Finance-Accounting,MMSWEST
Fiscal 12/13,399.18419,Finance,Finance-Accounting,MOORE WALLACE - AN RR DONNELLEY CO.
Fiscal 12/13,463.5,Finance,Finance-Accounting,NEOPOST
Fiscal 12/13,245,Finance,Finance-Accounting,NEVADA LEAGUE OF CITIES
Fiscal 12/13,168.23,Finance,Finance-Accounting,NEVADA PRESORT & MAIL MARKETING
Fiscal 12/13,8700,Finance,Finance-Accounting,NEW WORLD SYSTEMS
Fiscal 12/13,30,Finance,Finance-Accounting,NNCCP
Fiscal 12/13,3002.19,Finance,Finance-Accounting,OFFICEMAX
Fiscal 12/13,152.61,Finance,Finance-Accounting,PETTY CASH-CENTRAL CASHIERING
Fiscal 12/13,15000,Finance,Finance-Accounting,PIERCY BOWLER TAYLOR & KERN
Fiscal 12/13,1130,Finance,Finance-Accounting,POSTMASTER
Fiscal 12/13,526.58,Finance,Finance-Accounting,RR DONNELLEY
Fiscal 12/13,95,Finance,Finance-Accounting,SAFETY ON SITE
Fiscal 12/13,1895,Finance,Finance-Accounting,SAGE SOFTWARE
Fiscal 12/13,2024,Finance,Finance-Accounting,SILVER STATE INDUSTRIES
Fiscal 12/13,67.8,Finance,Finance-Accounting,TAYLOR
Fiscal 12/13,249.2,Finance,Finance-Accounting,TEMP
Fiscal 12/13,5921.98,Finance,Finance-Accounting,US BANK
Fiscal 12/13,2225,Finance,Finance-Accounting,ZIONS BANK PUBLIC FINANCE
Fiscal 12/13,26136.61,Finance,Finance-Financial Planning,BANK OF AMERICA - CARDS
Fiscal 12/13,56693.67,Finance,Finance-Sewer Collections,BANK OF AMERICA - CARDS
Fiscal 12/13,25492.99,Finance,Finance-Sewer Collections,BANK UP
Fiscal 12/13,200,Finance,Finance-Sewer Collections,BELL
Fiscal 12/13,499.92,Finance,Finance-Sewer Collections,FEDERAL EXPRESS CORP
Fiscal 12/13,155358.65,Finance,Finance-Sewer Collections,INFOSEND INC
Fiscal 12/13,60,Finance,Finance-Sewer Collections,NEVADA RUBBER STAMP CO INC
Fiscal 12/13,53.71,Finance,Finance-Sewer Collections,OFFICEMAX
Fiscal 12/13,362,Finance,Finance-Sewer Collections,PETTY CASH-CENTRAL CASHIERING
Fiscal 12/13,1060,Finance,Finance-Sewer Collections,POSTMASTER
Fiscal 12/13,111670,Finance,Finance-Sewer Collections,TEMP
Fiscal 12/13,36960.81,Finance,Finance-Sewer Collections,TWI PAYMENT PROCESSING SERVICES
Fiscal 12/13,238,Finance,Finance-Sewer Collections,WASHOE COUNTY RECORDER
Fiscal 12/13,17,Finance,Finance-Sewer Collections,WASHOE COUNTY TREASURER
Fiscal 12/13,738,Fire,Fire-Emergency Operations,"20/20 GENESYSTEMS, INC"
Fiscal 12/13,75107.5,Fire,Fire-Emergency Operations,49ER COMMUNICATIONS
Fiscal 12/13,3500,Fire,Fire-Emergency Operations,A & L DRYWALL
Fiscal 12/13,9857.52,Fire,Fire-Emergency Operations,A-#1 CHEMICAL INC
Fiscal 12/13,2262.83,Fire,Fire-Emergency Operations,ABC FIRE AND CYLINDER SERVICE
Fiscal 12/13,618.69,Fire,Fire-Emergency Operations,AIRGAS INC
Fiscal 12/13,2378,Fire,Fire-Emergency Operations,ALL AMERICAN POLY
Fiscal 12/13,-242.55,Fire,Fire-Emergency Operations,ALLIED WASHOE
Fiscal 12/13,2449.07,Fire,Fire-Emergency Operations,APEX PRODUCTS
Fiscal 12/13,119546.47,Fire,Fire-Emergency Operations,ARC HEALTH AND WELLNESS CENTERS LLC
Fiscal 12/13,1200,Fire,Fire-Emergency Operations,ARMSTRONG
Fiscal 12/13,19943.7,Fire,Fire-Emergency Operations,AT&T
Fiscal 12/13,23.14,Fire,Fire-Emergency Operations,AT&T LONG DISTANCE
Fiscal 12/13,1200,Fire,Fire-Emergency Operations,BEACH
Fiscal 12/13,986.05,Fire,Fire-Emergency Operations,BELL
Fiscal 12/13,984.94,Fire,Fire-Emergency Operations,BERTRAND
Fiscal 12/13,892.25,Fire,Fire-Emergency Operations,BILLAU
Fiscal 12/13,1559.95,Fire,Fire-Emergency Operations,BLACK DIAMOND EQUIPMENT
Fiscal 12/13,470.09,Fire,Fire-Emergency Operations,BLACKBERN
Fiscal 12/13,560.4,Fire,Fire-Emergency Operations,BOHACH
Fiscal 12/13,4777.35,Fire,Fire-Emergency Operations,BRADY INDUSTRIES LLC
Fiscal 12/13,108.81,Fire,Fire-Emergency Operations,BRAUN
Fiscal 12/13,815,Fire,Fire-Emergency Operations,BREWER
Fiscal 12/13,1200.83,Fire,Fire-Emergency Operations,BRIANT 
Fiscal 12/13,1200,Fire,Fire-Emergency Operations,BRUNO
Fiscal 12/13,11200.8,Fire,Fire-Emergency Operations,BURTON'S FIRE APPARATUS
Fiscal 12/13,1055,Fire,Fire-Emergency Operations,BUTLER
Fiscal 12/13,5993.28,Fire,Fire-Emergency Operations,C & M FOOD DISTRIBUTING INC
Fiscal 12/13,762.5,Fire,Fire-Emergency Operations,CARR 
Fiscal 12/13,8045.04,Fire,Fire-Emergency Operations,CARSON CITY FIRE DEPARTMENT
Fiscal 12/13,1122.06,Fire,Fire-Emergency Operations,CARTER
Fiscal 12/13,21541.25,Fire,Fire-Emergency Operations,CHAMPION CHEVROLET
Fiscal 12/13,4049.09,Fire,Fire-Emergency Operations,COSTCO
Fiscal 12/13,200,Fire,Fire-Emergency Operations,CROSS
Fiscal 12/13,900,Fire,Fire-Emergency Operations,CWIAK
Fiscal 12/13,40495.9,Fire,Fire-Emergency Operations,D.F. DRUMM INC.
Fiscal 12/13,460.5,Fire,Fire-Emergency Operations,DEBERG
Fiscal 12/13,695,Fire,Fire-Emergency Operations,DELCOL
Fiscal 12/13,9811.74,Fire,Fire-Emergency Operations,DELL COMPUTER CORP
Fiscal 12/13,11561.17,Fire,Fire-Emergency Operations,DEPT OF THE INTERIOR-BLM
Fiscal 12/13,465.51,Fire,Fire-Emergency Operations,DEWITT 
Fiscal 12/13,1200,Fire,Fire-Emergency Operations,DIANI
Fiscal 12/13,1200,Fire,Fire-Emergency Operations,DIEFFENBACH
Fiscal 12/13,1200,Fire,Fire-Emergency Operations,DIEFFENBACH 
Fiscal 12/13,4409.4,Fire,Fire-Emergency Operations,DIVE RESCUE INTERNATIONAL
Fiscal 12/13,200,Fire,Fire-Emergency Operations,DULGAR
Fiscal 12/13,592.11,Fire,Fire-Emergency Operations,DUNN
Fiscal 12/13,700,Fire,Fire-Emergency Operations,EIKELBERGER AWNING & DRAPERY
Fiscal 12/13,34523.84,Fire,Fire-Emergency Operations,ENTERPRISE RENT A CAR
Fiscal 12/13,1007.01,Fire,Fire-Emergency Operations,ERLACH
Fiscal 12/13,1229.7,Fire,Fire-Emergency Operations,FEDEX KINKO'S
Fiscal 12/13,1503.72575,Fire,Fire-Emergency Operations,FEENEY WIRELESS LLC
Fiscal 12/13,19969.39,Fire,Fire-Emergency Operations,FERGUSON ENTERPRISES INC
Fiscal 12/13,1653,Fire,Fire-Emergency Operations,FITNESS2GO
Fiscal 12/13,336,Fire,Fire-Emergency Operations,FLAG STORE
Fiscal 12/13,200,Fire,Fire-Emergency Operations,FLEINER
Fiscal 12/13,1200,Fire,Fire-Emergency Operations,FONG
Fiscal 12/13,340,Fire,Fire-Emergency Operations,FRESHMAN
Fiscal 12/13,150,Fire,Fire-Emergency Operations,GALLERON
Fiscal 12/13,1172.42,Fire,Fire-Emergency Operations,GARMAN
Fiscal 12/13,1200,Fire,Fire-Emergency Operations,GASWAY
Fiscal 12/13,295,Fire,Fire-Emergency Operations,GERBATZ
Fiscal 12/13,1079.69,Fire,Fire-Emergency Operations,GERHARD
Fiscal 12/13,8155.69,Fire,Fire-Emergency Operations,GLOBAL TECHNOLOGY SYSTEMS INC
Fiscal 12/13,295,Fire,Fire-Emergency Operations,GLOVER
Fiscal 12/13,2005.43,Fire,Fire-Emergency Operations,"GOVCONNECTION, INC"
Fiscal 12/13,766.13,Fire,Fire-Emergency Operations,GRAINGER
Fiscal 12/13,728.57,Fire,Fire-Emergency Operations,GRAVES
Fiscal 12/13,2379.21,Fire,Fire-Emergency Operations,GRONEMAN
Fiscal 12/13,8568.98,Fire,Fire-Emergency Operations,GSA
Fiscal 12/13,149.06,Fire,Fire-Emergency Operations,HARRIS
Fiscal 12/13,677.86,Fire,Fire-Emergency Operations,HART
Fiscal 12/13,1122.62,Fire,Fire-Emergency Operations,HAUGLAND DENNIS
Fiscal 12/13,2557.74,Fire,Fire-Emergency Operations,HAZTECH SYSTEMS INC
Fiscal 12/13,120,Fire,Fire-Emergency Operations,HILL
Fiscal 12/13,5550.03,Fire,Fire-Emergency Operations,INFICON
Fiscal 12/13,1928.22,Fire,Fire-Emergency Operations,INGRAM 
Fiscal 12/13,6273.2,Fire,Fire-Emergency Operations,JAECO FIRE & SAFETY
Fiscal 12/13,9408,Fire,Fire-Emergency Operations,JET PLUMBING & DRAIN SERVICES
Fiscal 12/13,1200,Fire,Fire-Emergency Operations,JOHNSON
Fiscal 12/13,1239.09,Fire,Fire-Emergency Operations,KENNEDY
Fiscal 12/13,1052.92,Fire,Fire-Emergency Operations,KOCHERGIN
Fiscal 12/13,47.94,Fire,Fire-Emergency Operations,KOSAK
Fiscal 12/13,18682.97,Fire,Fire-Emergency Operations,L.N. CURTIS & SONS
Fiscal 12/13,8759.1,Fire,Fire-Emergency Operations,LA-Z-BOY FURNITURE GALLERIES
Fiscal 12/13,575,Fire,Fire-Emergency Operations,LASER CARE
Fiscal 12/13,1200,Fire,Fire-Emergency Operations,LAWRENCE
Fiscal 12/13,67183.58,Fire,Fire-Emergency Operations,LEHR AUTO ELECTRIC
Fiscal 12/13,300,Fire,Fire-Emergency Operations,LEIGHTON
Fiscal 12/13,1200,Fire,Fire-Emergency Operations,LEIGHTON
Fiscal 12/13,36,Fire,Fire-Emergency Operations,LENS CRAFTERS
Fiscal 12/13,688.72,Fire,Fire-Emergency Operations,LIEBERMAN
Fiscal 12/13,54625.32,Fire,Fire-Emergency Operations,LIFE ASSIST INC
Fiscal 12/13,2483.51,Fire,Fire-Emergency Operations,LIGHTFOOT
Fiscal 12/13,1200,Fire,Fire-Emergency Operations,MANDELL
Fiscal 12/13,1200,Fire,Fire-Emergency Operations,MARVEL
Fiscal 12/13,1200,Fire,Fire-Emergency Operations,MCCOOL
Fiscal 12/13,750,Fire,Fire-Emergency Operations,MCKINNON
Fiscal 12/13,750,Fire,Fire-Emergency Operations,MCNAMARA
Fiscal 12/13,454.5,Fire,Fire-Emergency Operations,MCSS LTD.
Fiscal 12/13,20400,Fire,Fire-Emergency Operations,MIKE PIETSCH PE CONSULTING SERVICES INC
Fiscal 12/13,1199.88,Fire,Fire-Emergency Operations,MOBIL SATELLITE TECHNOLOGIES
Fiscal 12/13,85199.29,Fire,Fire-Emergency Operations,MUNICIPAL EMERGENCY SERVICES INC
Fiscal 12/13,2132.2,Fire,Fire-Emergency Operations,MUNNS SANDY
Fiscal 12/13,1200,Fire,Fire-Emergency Operations,NACHTSHEIM
Fiscal 12/13,3300,Fire,Fire-Emergency Operations,NAPA AUTO & TRUCK PARTS
Fiscal 12/13,142.5,Fire,Fire-Emergency Operations,NEVADA ENERGY SYSTEMS INC
Fiscal 12/13,75,Fire,Fire-Emergency Operations,NEVADA STATE  DEPARTMENT OF PUBLIC SAFETY
Fiscal 12/13,200,Fire,Fire-Emergency Operations,NEVADA STATE DIV OF ENVIRONMENTAL PROTECTION
Fiscal 12/13,124556.56,Fire,Fire-Emergency Operations,NEVADA STATE DIV OF FORESTRY
Fiscal 12/13,4260,Fire,Fire-Emergency Operations,NEW YORK MICROSCOPE COMPANY INC
Fiscal 12/13,1710.44,Fire,Fire-Emergency Operations,NISHIKIDA 
Fiscal 12/13,336,Fire,Fire-Emergency Operations,NORTH AMERICAN EMBROIDERY
Fiscal 12/13,10112.72,Fire,Fire-Emergency Operations,NORTH LAKE TAHOE FIRE PROTECTION DISTRICT
Fiscal 12/13,7909.55,Fire,Fire-Emergency Operations,OFFICEMAX
Fiscal 12/13,5697.02,Fire,Fire-Emergency Operations,OHLIN SALES INC
Fiscal 12/13,47,Fire,Fire-Emergency Operations,ORDUNO TEGG
Fiscal 12/13,1841.4,Fire,Fire-Emergency Operations,OSI BATTERIES
Fiscal 12/13,1768.5,Fire,Fire-Emergency Operations,OVERHEAD DOOR CO OF SIERRA
Fiscal 12/13,862.05,Fire,Fire-Emergency Operations,PEERLESS CLEANERS
Fiscal 12/13,6297.16,Fire,Fire-Emergency Operations,PEPSI-COLA
Fiscal 12/13,917.11,Fire,Fire-Emergency Operations,PETERS
Fiscal 12/13,2148.79,Fire,Fire-Emergency Operations,PETROLEUM MAINTENANCE INC
Fiscal 12/13,2.12,Fire,Fire-Emergency Operations,PRAXAIR DISTRIBUTION INC
Fiscal 12/13,150,Fire,Fire-Emergency Operations,PREHOSPITAL MEDICAL ADVISORY COMMITTEE
Fiscal 12/13,1088.67,Fire,Fire-Emergency Operations,PRICE
Fiscal 12/13,6700.69,Fire,Fire-Emergency Operations,PROCOMM AMERICAS LTD
Fiscal 12/13,800,Fire,Fire-Emergency Operations,PROENGIN INC.
Fiscal 12/13,757.5,Fire,Fire-Emergency Operations,Q & D CONSTRUCTION
Fiscal 12/13,1732.5,Fire,Fire-Emergency Operations,QUICK SPACE INC
Fiscal 12/13,45740,Fire,Fire-Emergency Operations,RAE SYSTEMS INC
Fiscal 12/13,442.84,Fire,Fire-Emergency Operations,RED WING SHOE STORE
Fiscal 12/13,600,Fire,Fire-Emergency Operations,RENO FIREMANS COFFEE FUND
Fiscal 12/13,45458.47,Fire,Fire-Emergency Operations,RENO INVESTMENTS PARTNERS
Fiscal 12/13,1573,Fire,Fire-Emergency Operations,RENO MATTRESS COMPANY INC
Fiscal 12/13,5497.99,Fire,Fire-Emergency Operations,RESCO
Fiscal 12/13,425,Fire,Fire-Emergency Operations,RESLOCK
Fiscal 12/13,126.9,Fire,Fire-Emergency Operations,RICHHART
Fiscal 12/13,356.39,Fire,Fire-Emergency Operations,SAFEGUARD WEB & GRAPHICS
Fiscal 12/13,710,Fire,Fire-Emergency Operations,SAINT MARY'S HEALTH ENHANCEMENT
Fiscal 12/13,1500,Fire,Fire-Emergency Operations,SANI HUT
Fiscal 12/13,1204.52,Fire,Fire-Emergency Operations,SAVOIE
Fiscal 12/13,6540.48,Fire,Fire-Emergency Operations,SCHAEFFERS MFG CO
Fiscal 12/13,997.16,Fire,Fire-Emergency Operations,SCHMIDT
Fiscal 12/13,900,Fire,Fire-Emergency Operations,SCOTT FIRE PROTECTION INC
Fiscal 12/13,53524.81,Fire,Fire-Emergency Operations,SCOTT'S PPE RECON INC.
Fiscal 12/13,1317,Fire,Fire-Emergency Operations,SEARS
Fiscal 12/13,1180.15,Fire,Fire-Emergency Operations,SIEBERT
Fiscal 12/13,1144.95,Fire,Fire-Emergency Operations,SIERRA CAR WASH SUPPLY
Fiscal 12/13,366,Fire,Fire-Emergency Operations,SIERRA DIVING CENTER
Fiscal 12/13,25486.7,Fire,Fire-Emergency Operations,SIERRA ELECTRONICS
Fiscal 12/13,922.59,Fire,Fire-Emergency Operations,SIERRA REPAIR & SHARPENING INC
Fiscal 12/13,3761.44,Fire,Fire-Emergency Operations,SIERRA WELDING SUPPLY
Fiscal 12/13,2958.99,Fire,Fire-Emergency Operations,SILVER STATE INTERNATIONAL INC.
Fiscal 12/13,2256.02,Fire,Fire-Emergency Operations,"SMITH POWER PRODUCTS, INC."
Fiscal 12/13,2921.25,Fire,Fire-Emergency Operations,SNAP-ON INDUSTRIAL-SACRAMENTO
Fiscal 12/13,200,Fire,Fire-Emergency Operations,SNYDER
Fiscal 12/13,89.95,Fire,Fire-Emergency Operations,SOLE EMPORIUM
Fiscal 12/13,124.02,Fire,Fire-Emergency Operations,SOUTHWEST GAS CORP
Fiscal 12/13,8953.09,Fire,Fire-Emergency Operations,SPRINT 
Fiscal 12/13,2514.78,Fire,Fire-Emergency Operations,ST MARY'S REGIONAL MED CTR
Fiscal 12/13,36.06,Fire,Fire-Emergency Operations,STAHL PAMELA A
Fiscal 12/13,462.84,Fire,Fire-Emergency Operations,STEAMBOAT SPRINGS WATER WORKS
Fiscal 12/13,750,Fire,Fire-Emergency Operations,STEIN
Fiscal 12/13,750,Fire,Fire-Emergency Operations,SULLIVAN
Fiscal 12/13,150,Fire,Fire-Emergency Operations,SULLIVAN
Fiscal 12/13,1710.27,Fire,Fire-Emergency Operations,SWINNEY
Fiscal 12/13,1096.48,Fire,Fire-Emergency Operations,TAHOE DOUGLAS FIRE PROTECTION DISTRICT
Fiscal 12/13,6425,Fire,Fire-Emergency Operations,TAMARACK JUNCTION CASION & RESTAURANT
Fiscal 12/13,1166.85,Fire,Fire-Emergency Operations,TAOIPU
Fiscal 12/13,852.75,Fire,Fire-Emergency Operations,TAPIA
Fiscal 12/13,66.56,Fire,Fire-Emergency Operations,TASSONE
Fiscal 12/13,402.73,Fire,Fire-Emergency Operations,TELLEZ
Fiscal 12/13,5720,Fire,Fire-Emergency Operations,"TIBURON, INC."
Fiscal 12/13,201.24,Fire,Fire-Emergency Operations,TITAN CONSTRUCTION SUPPLY INC
Fiscal 12/13,4000,Fire,Fire-Emergency Operations,TMWA
Fiscal 12/13,1161.9,Fire,Fire-Emergency Operations,TRUCKEE MEADOWS FIRE PROTECTION DISTRICT
Fiscal 12/13,2240,Fire,Fire-Emergency Operations,"UNITED ELECTRICAL SERVICES, INC."
Fiscal 12/13,2752.59,Fire,Fire-Emergency Operations,UNITED PARCEL SERVICE
Fiscal 12/13,2.22,Fire,Fire-Emergency Operations,UTILITIES INC OF NEVADA
Fiscal 12/13,36675.49,Fire,Fire-Emergency Operations,VERIZON WIRELESS
Fiscal 12/13,1583.6,Fire,Fire-Emergency Operations,VOSKAMP
Fiscal 12/13,485,Fire,Fire-Emergency Operations,WALLS
Fiscal 12/13,738,Fire,Fire-Emergency Operations,WASHOE COUNTY HEALTH DISTRICT
Fiscal 12/13,630,Fire,Fire-Emergency Operations,WASHOE COUNTY TREASURER
Fiscal 12/13,5541.99,Fire,Fire-Emergency Operations,WASHOE METAL FABRICATING INC
Fiscal 12/13,31.25,Fire,Fire-Emergency Operations,WASTE MANAGEMENT-RECYCLE AMERICA
Fiscal 12/13,1034.2,Fire,Fire-Emergency Operations,WEBBER
Fiscal 12/13,42.48,Fire,Fire-Emergency Operations,WESTERN NEVADA SUPPLY
Fiscal 12/13,1780,Fire,Fire-Emergency Operations,WESTERN TRUCK & EQUIPMENT
Fiscal 12/13,750,Fire,Fire-Emergency Operations,WHITE
Fiscal 12/13,1026.7,Fire,Fire-Emergency Operations,WILLIAMS
Fiscal 12/13,69.87,Fire,Fire-Emergency Operations,WILLIAMS
Fiscal 12/13,4549.61,Fire,Fire-Emergency Operations,WINKELMAN
Fiscal 12/13,4795,Fire,Fire-Fire Prevention,ALERT-ALL CORP
Fiscal 12/13,19.98,Fire,Fire-Fire Prevention,FEDERAL EXPRESS CORP
Fiscal 12/13,25,Fire,Fire-Fire Prevention,FIRE PREVENTION ASSOCIATION OF NEVADA
Fiscal 12/13,4125,Fire,Fire-Fire Prevention,FLASHBAY INC
Fiscal 12/13,19500,Fire,Fire-Fire Prevention,HARNEY
Fiscal 12/13,1203.98,Fire,Fire-Fire Prevention,MAPLELEAF PROMOTIONS
Fiscal 12/13,690.6,Fire,Fire-Fire Prevention,MOONEYHAN
Fiscal 12/13,1512,Fire,Fire-Fire Prevention,MUNICIPAL EMERGENCY SERVICES INC
Fiscal 12/13,2410,Fire,Fire-Fire Prevention,NORTHERN NEVADA CHAPTER ICC
Fiscal 12/13,400,Fire,Fire-Fire Prevention,O'NEAL
Fiscal 12/13,310.96,Fire,Fire-Fire Prevention,OFFICEMAX
Fiscal 12/13,75,Fire,Fire-Fire Prevention,PRESLEY
Fiscal 12/13,80,Fire,Fire-Fire Prevention,SAINT MARY'S HEALTH ENHANCEMENT
Fiscal 12/13,791,Fire,Fire-Fire Prevention,TERRIBLE HERBST OIL COMPANY
Fiscal 12/13,1292.31,Fire,Fire-Fire Prevention,TRIPPETT
Fiscal 12/13,1050,Fire,Fire-Fire Prevention,"VERIPIC, INC."
Fiscal 12/13,1110.5,Fire,Fire-Fleet Management,A 1 RADIATOR REPAIR INC
Fiscal 12/13,72,Fire,Fire-Fleet Management,ABC FIRE AND CYLINDER SERVICE
Fiscal 12/13,105.1,Fire,Fire-Fleet Management,ALLEGIS CORP
Fiscal 12/13,61.85,Fire,Fire-Fleet Management,ALLIED WASHOE
Fiscal 12/13,26.3,Fire,Fire-Fleet Management,ALS LABORATORY GROUP
Fiscal 12/13,1800,Fire,Fire-Fleet Management,AUTO & TRUCK ELECTRIC
Fiscal 12/13,19.79,Fire,Fire-Fleet Management,BATTERIES PLUS
Fiscal 12/13,7056.32,Fire,Fire-Fleet Management,BAUER COMPRESSOR
Fiscal 12/13,16.2,Fire,Fire-Fleet Management,BRADY INDUSTRIES LLC
Fiscal 12/13,1224.32,Fire,Fire-Fleet Management,BURTON'S FIRE APPARATUS
Fiscal 12/13,2293.5,Fire,Fire-Fleet Management,CAL-NEVADA TOWING
Fiscal 12/13,154.62,Fire,Fire-Fleet Management,CERTIFIED LABORATORIES
Fiscal 12/13,3026.49,Fire,Fire-Fleet Management,CHAMPION CHEVROLET
Fiscal 12/13,180,Fire,Fire-Fleet Management,COLEMAN
Fiscal 12/13,723.4,Fire,Fire-Fleet Management,CUMMINS ROCKY MOUTAIN LLC
Fiscal 12/13,2000,Fire,Fire-Fleet Management,CURRENT SOFTWARE INC
Fiscal 12/13,3639.84,Fire,Fire-Fleet Management,CUSTOM GLASS DIST INC
Fiscal 12/13,259.5,Fire,Fire-Fleet Management,DULGAR
Fiscal 12/13,175,Fire,Fire-Fleet Management,EAGLE SIRENS INC
Fiscal 12/13,1575.42,Fire,Fire-Fleet Management,FAAD JANITORIAL INC
Fiscal 12/13,1360,Fire,Fire-Fleet Management,FEATURE GRAPHIX
Fiscal 12/13,1190,Fire,Fire-Fleet Management,FIRETECH INSPECTION SERVICE
Fiscal 12/13,1891.41,Fire,Fire-Fleet Management,FLEETPRIDE INC
Fiscal 12/13,267052.53,Fire,Fire-Fleet Management,FLYERS ENERGY LLC
Fiscal 12/13,17.33,Fire,Fire-Fleet Management,GHX INDUSTRIAL LLC
Fiscal 12/13,2781.59,Fire,Fire-Fleet Management,GRAINGER
Fiscal 12/13,1368,Fire,Fire-Fleet Management,HEWLETT-PACKARD
Fiscal 12/13,4409.35,Fire,Fire-Fleet Management,HI-TECH EMERGENCY VEHICLE
Fiscal 12/13,1235.89,Fire,Fire-Fleet Management,HOSE & FITTINGS ETC
Fiscal 12/13,7010.4,Fire,Fire-Fleet Management,JOHNS SPRING SERVICE
Fiscal 12/13,204.98,Fire,Fire-Fleet Management,JONES WEST FORD
Fiscal 12/13,148.23,Fire,Fire-Fleet Management,JORDANS TRUCK & TRAILER EQUIP
Fiscal 12/13,10285.22,Fire,Fire-Fleet Management,LEHR AUTO ELECTRIC
Fiscal 12/13,2645,Fire,Fire-Fleet Management,MIDSTATE AUTOMOTIVE EQUIPMENT CO.
Fiscal 12/13,4308,Fire,Fire-Fleet Management,MITCHELL1
Fiscal 12/13,18964.67,Fire,Fire-Fleet Management,NAPA AUTO & TRUCK PARTS
Fiscal 12/13,7110.02,Fire,Fire-Fleet Management,"NC AUTO PARTS, LLC"
Fiscal 12/13,131.91,Fire,Fire-Fleet Management,NEVADA SPEEDOMETER
Fiscal 12/13,111,Fire,Fire-Fleet Management,PACE
Fiscal 12/13,71.89,Fire,Fire-Fleet Management,PETERBILT TRUCK PARTS & EQUIPMENT
Fiscal 12/13,1953.98,Fire,Fire-Fleet Management,PETROLEUM MAINTENANCE INC
Fiscal 12/13,48447.97,Fire,Fire-Fleet Management,PURCELL TIRE COMPANY
Fiscal 12/13,3438.59,Fire,Fire-Fleet Management,QUALA-TEL ENTERPRISES
Fiscal 12/13,369.35,Fire,Fire-Fleet Management,"R&E FASTENERS, INC."
Fiscal 12/13,1886.46,Fire,Fire-Fleet Management,"RENO BRAKE, INC"
Fiscal 12/13,215,Fire,Fire-Fleet Management,RENO DRAIN & OIL SERVICE
Fiscal 12/13,9455.78,Fire,Fire-Fleet Management,ROSS EQUIPMENT CO
Fiscal 12/13,8242.57,Fire,Fire-Fleet Management,SAFETY-KLEEN CORP
Fiscal 12/13,7618.85,Fire,Fire-Fleet Management,SCHAEFFERS MFG CO
Fiscal 12/13,19334.72,Fire,Fire-Fleet Management,SIERRA FREIGHTLINER
Fiscal 12/13,10.95,Fire,Fire-Fleet Management,SIERRA REPAIR & SHARPENING INC
Fiscal 12/13,12981.52,Fire,Fire-Fleet Management,SILVER STATE INTERNATIONAL INC.
Fiscal 12/13,17121.83,Fire,Fire-Fleet Management,"SMITH POWER PRODUCTS, INC."
Fiscal 12/13,111483.17,Fire,Fire-Fleet Management,SPERBER
Fiscal 12/13,2643.25,Fire,Fire-Fleet Management,SUPERIOR HYDRAULIC & FABRICATION
Fiscal 12/13,5003.34,Fire,Fire-Fleet Management,"TEC EQUIPMENT, INC."
Fiscal 12/13,943.5,Fire,Fire-Fleet Management,THE CART BARN
Fiscal 12/13,2134,Fire,Fire-Fleet Management,"TK SERVICES, INC."
Fiscal 12/13,4714.36,Fire,Fire-Fleet Management,TYRES INTERNATIONAL INC
Fiscal 12/13,97.34,Fire,Fire-Fleet Management,"VALLEY POWER SYSTEMS, INC."
Fiscal 12/13,4618.55,Fire,Fire-Fleet Management,WATEROUS COMPANY
Fiscal 12/13,261.64,Fire,Fire-Fleet Management,WAVE CAR WASH
Fiscal 12/13,14.4,Fire,Fire-Fleet Management,WESTERN NEVADA SUPPLY
Fiscal 12/13,3621.93,Fire,Fire-Fleet Management,"WORTHEN EQUIPMENT, INC."
Fiscal 12/13,165.44,Fire,Fire-Fleet Management,ZEE MEDICAL INC
Fiscal 12/13,225,Fire,Fire-Program & Service Management,AMERICAN ARBITRATION ASSOC
Fiscal 12/13,271.77,Fire,Fire-Program & Service Management,COSTCO
Fiscal 12/13,122.88,Fire,Fire-Program & Service Management,DIRECTV
Fiscal 12/13,1307.06,Fire,Fire-Program & Service Management,ENFINITY RENO 1 NSW LLC
Fiscal 12/13,5,Fire,Fire-Program & Service Management,GRAND SIERRA RESORT & CASINO
Fiscal 12/13,2170,Fire,Fire-Program & Service Management,HINITZ LTD
Fiscal 12/13,11366.91,Fire,Fire-Program & Service Management,KRONOS INCORPORATED
Fiscal 12/13,6021.82,Fire,Fire-Program & Service Management,MARQUIS AURBACH COFFING
Fiscal 12/13,212,Fire,Fire-Program & Service Management,MUNNS SANDY
Fiscal 12/13,11103.18,Fire,Fire-Program & Service Management,NV ENERGY
Fiscal 12/13,846,Fire,Fire-Program & Service Management,O'BRIEN
Fiscal 12/13,5047.73,Fire,Fire-Program & Service Management,OFFICEMAX
Fiscal 12/13,3500,Fire,Fire-Program & Service Management,"RULES GUYS, INC"
Fiscal 12/13,100,Fire,Fire-Program & Service Management,SIERRA FRONT WILDFIRE COOPERATORS
Fiscal 12/13,1350,Fire,Fire-Program & Service Management,SOARING WITH LIFE SKILLS
Fiscal 12/13,1045.37,Fire,Fire-Program & Service Management,SPENCER
Fiscal 12/13,110,Fire,Fire-Program & Service Management,SUNSHINE LITIGATION SERVICES
Fiscal 12/13,366.8,Fire,Fire-Program & Service Management,TEMP
Fiscal 12/13,3225.03,Fire,Fire-Program & Service Management,TMWA
Fiscal 12/13,1500,Fire,Fire-Program & Service Management,TRUCKEE RIVER FOUNDATION
Fiscal 12/13,1380.86,Fire,Fire-Program & Service Management,UNIFORMITY INC
Fiscal 12/13,375,Fire,Fire-Safety & Training,KOSAK
Fiscal 12/13,150,Fire,Fire-Safety & Training,LESS STRESS INSTRUCTIONAL SERVICES
Fiscal 12/13,8122.04,Fire,Fire-Safety & Training,MUNICIPAL EMERGENCY SERVICES INC
Fiscal 12/13,316.86,Fire,Fire-Safety & Training,RESCO
Fiscal 12/13,18900,Fire,Fire-Safety & Training,"TARGETSAFETY.COM, INC"
Fiscal 12/13,42039.6,Fire,Fire-Safety & Training,WASHOE COUNTY REGIONAL PUBLIC SAFETY TRAINING CNTR
Fiscal 12/13,320,Human Resources,Human Resources-EEO/City-Wide Training,PETTY CASH-CENTRAL CASHIERING
Fiscal 12/13,225,Human Resources,Human Resources-Employee Relations,AMERICAN ARBITRATION ASSOC
Fiscal 12/13,1085.47,Human Resources,Human Resources-Employee Relations,ASKIN
Fiscal 12/13,351.93,Human Resources,Human Resources-Employee Relations,BNA 
Fiscal 12/13,7218,Human Resources,Human Resources-Employee Relations,COMPASS LAW GROUP PS INC
Fiscal 12/13,1568.25,Human Resources,Human Resources-Employee Relations,D'ORAZIO
Fiscal 12/13,4939.62,Human Resources,Human Resources-Employee Relations,"FAHRENDORF, VILORIA, OLIPHANT & OSTER LLP"
Fiscal 12/13,13.38,Human Resources,Human Resources-Employee Relations,FEDERAL EXPRESS CORP
Fiscal 12/13,44053.04,Human Resources,Human Resources-Employee Relations,FISHER & PHILLIPS LLP
Fiscal 12/13,195,Human Resources,Human Resources-Employee Relations,INTERNATIONAL SOCIETY OF CEBS
Fiscal 12/13,29618.52,Human Resources,Human Resources-Employee Relations,MARQUIS AURBACH COFFING
Fiscal 12/13,175,Human Resources,Human Resources-Employee Relations,NPELRA
Fiscal 12/13,192.36,Human Resources,Human Resources-Employee Relations,OFFICEMAX
Fiscal 12/13,180,Human Resources,Human Resources-Employee Relations,SOCIETY FOR HUMAN RESOURCE MGMT
Fiscal 12/13,5816.75,Human Resources,Human Resources-Employee Relations,SUNSHINE LITIGATION SERVICES
Fiscal 12/13,1150,Human Resources,Human Resources-Employee Services,A CARLISLE & COMPANY
Fiscal 12/13,3146.88,Human Resources,Human Resources-Employee Services,ACCOUNTEMPS
Fiscal 12/13,1079.62,Human Resources,Human Resources-Employee Services,ADVANCED INSURANCE SOLUTIONS
Fiscal 12/13,14500,Human Resources,Human Resources-Employee Services,BICKMORE RISK SERVICES AND CONSULTING
Fiscal 12/13,6947,Human Resources,Human Resources-Employee Services,CDS GROUP HEALTH
Fiscal 12/13,281.2,Human Resources,Human Resources-Employee Services,CDW-G GOVERNMENT INC
Fiscal 12/13,735,Human Resources,Human Resources-Employee Services,CONCENTRA MEDICAL CENTER
Fiscal 12/13,5800,Human Resources,Human Resources-Employee Services,HEALTHCARE ACTUARIES
Fiscal 12/13,1255.47581,Human Resources,Human Resources-Employee Services,MOORE WALLACE - AN RR DONNELLEY CO.
Fiscal 12/13,6684,Human Resources,Human Resources-Employee Services,NEVADA HEALTH PARTNERS
Fiscal 12/13,11287.5,Human Resources,Human Resources-Employee Services,NEVADA STATE  DEPARTMENT OF PUBLIC SAFETY
Fiscal 12/13,7112.5,Human Resources,Human Resources-Employee Services,NEVADA STATE DEPT OF BUSINESS & INDUSTRY
Fiscal 12/13,1862.85,Human Resources,Human Resources-Employee Services,OFFICEMAX
Fiscal 12/13,32161.87,Human Resources,Human Resources-Employee Services,OFFICETEAM
Fiscal 12/13,22.55,Human Resources,Human Resources-Employee Services,PETTY CASH-CENTRAL CASHIERING
Fiscal 12/13,735.86,Human Resources,Human Resources-Employee Services,RR DONNELLEY
Fiscal 12/13,6300,Human Resources,Human Resources-Employee Services,TALX UCEXPRESS
Fiscal 12/13,398.55,Human Resources,Human Resources-Employee Services,THOMPSON PUBLISHING GROUP
Fiscal 12/13,14063177.58,Human Resources,Human Resources-Insurance Management,CDS GROUP HEALTH
Fiscal 12/13,1639.98,Human Resources,Human Resources-Insurance Management,CDW-G GOVERNMENT INC
Fiscal 12/13,274.09,Human Resources,Human Resources-Insurance Management,CHARTER COMMUNICATIONS
Fiscal 12/13,21675.75,Human Resources,Human Resources-Insurance Management,FITNESS2GO
Fiscal 12/13,8562333.37,Human Resources,Human Resources-Insurance Management,HOMETOWN HEALTH PROVIDERS INS CO
Fiscal 12/13,14664,Human Resources,Human Resources-Insurance Management,SAINT MARY'S HEALTH ENHANCEMENT
Fiscal 12/13,25,Human Resources,Human Resources-Payroll-Records Services,ENCOMPASS
Fiscal 12/13,592.05,Human Resources,Human Resources-Payroll-Records Services,MOORE WALLACE - AN RR DONNELLEY CO.
Fiscal 12/13,4567196.26,Human Resources,Human Resources-Workers Compensation-Safety,CANNON COCHRAN MANAGEMENT SERVICES INC
Fiscal 12/13,11795,Human Resources,Human Resources-Workers Compensation-Safety,NEVADA STATE DEPT OF BUSINESS & INDUSTRY
Fiscal 12/13,417329.12,Human Resources,Human Resources-Workers Compensation-Safety,NEVADA STATE DEPT OF BUSINESS & INDUSTRY
Fiscal 12/13,5750,Human Resources,Human Resources-Workers Compensation-Safety,PERR & KNIGHT INC
Fiscal 12/13,544.78,Human Resources,Human Resources-Workforce Planning-Development,ALHAMBRA AND SIERRA SPRINGS
Fiscal 12/13,225,Human Resources,Human Resources-Workforce Planning-Development,AMERICAN ARBITRATION ASSOC
Fiscal 12/13,3267.32,Human Resources,Human Resources-Workforce Planning-Development,COSTCO
Fiscal 12/13,1637.23,Human Resources,Human Resources-Workforce Planning-Development,DIVERSIFIED SYSTEMS INTL
Fiscal 12/13,274.29,Human Resources,Human Resources-Workforce Planning-Development,FEDERAL EXPRESS CORP
Fiscal 12/13,91.56,Human Resources,Human Resources-Workforce Planning-Development,"GOVCONNECTION, INC"
Fiscal 12/13,3741.66,Human Resources,Human Resources-Workforce Planning-Development,GRAHAM RESEARCH CONSULTANTS
Fiscal 12/13,95,Human Resources,Human Resources-Workforce Planning-Development,HARRYS BUSINESS MACHINES
Fiscal 12/13,295,Human Resources,Human Resources-Workforce Planning-Development,INTERNATIONAL FOUNDATION OF EMPLOYEE BENEFIT PLANS
Fiscal 12/13,189.5,Human Resources,Human Resources-Workforce Planning-Development,IPMA
Fiscal 12/13,16331.25,Human Resources,Human Resources-Workforce Planning-Development,MOUNTAIN EAP
Fiscal 12/13,92704.61,Human Resources,Human Resources-Workforce Planning-Development,NEVADA STATE EMPLOYMENT SEC
Fiscal 12/13,930.67,Human Resources,Human Resources-Workforce Planning-Development,OFFICEMAX
Fiscal 12/13,973.13,Human Resources,Human Resources-Workforce Planning-Development,OFFICETEAM
Fiscal 12/13,1178.6,Human Resources,Human Resources-Workforce Planning-Development,PETTY CASH-CENTRAL CASHIERING
Fiscal 12/13,255,Human Resources,Human Resources-Workforce Planning-Development,PUBLIC EMPLOYEES RETIREMENT
Fiscal 12/13,877,Human Resources,Human Resources-Workforce Planning-Development,THOMPSON PUBLISHING GROUP
Fiscal 12/13,400,Human Resources,Human Resources-Workforce Planning-Development,WASHOE COUNTY
Fiscal 12/13,48178.38,Intergovernmental,Intergovernmental-Non-Departmental,ENFINITY RENO 1 NSW LLC
Fiscal 12/13,2500,Intergovernmental,Intergovernmental-Non-Departmental,GOLF CONVERGENCE INC
Fiscal 12/13,99388.17,Intergovernmental,Intergovernmental-Non-Departmental,METLIFE
Fiscal 12/13,122926.71,Intergovernmental,Intergovernmental-Non-Departmental,NEVADA LAND LLC
Fiscal 12/13,275678.73,Intergovernmental,Intergovernmental-Non-Departmental,NEVADA PUBLIC EMPLOYEES
Fiscal 12/13,1124451.87,Intergovernmental,Intergovernmental-Non-Departmental,NV ENERGY
Fiscal 12/13,3027.46,Intergovernmental,Intergovernmental-Non-Departmental,OFFICE DEPOT
Fiscal 12/13,2295,Intergovernmental,Intergovernmental-Non-Departmental,ORR DITCH & EXTENSIONS WATER
Fiscal 12/13,207,Intergovernmental,Intergovernmental-Non-Departmental,RHP MECHANICAL SYSTEMS
Fiscal 12/13,13910.89,Intergovernmental,Intergovernmental-Non-Departmental,TEMP
Fiscal 12/13,1007117.91,Intergovernmental,Intergovernmental-Non-Departmental,TMWA
Fiscal 12/13,8679.1,Intergovernmental,Intergovernmental-Non-Departmental,UNION PACIFIC RAILROAD CO
Fiscal 12/13,11810.01,Intergovernmental,Intergovernmental-Non-Departmental,UNITED STATES TREASURY
Fiscal 12/13,34352.92,Intergovernmental,Intergovernmental-Non-Departmental,WASHOE COUNTY SCHOOL DISTRICT
Fiscal 12/13,17941.27,Intergovernmental,Intergovernmental-Non-Departmental,WASHOE COUNTY TREASURER
Fiscal 12/13,4366.52,Municipal Court,Municipal Court-Judicial Enforcement,ARC HEALTH AND WELLNESS CENTERS LLC
Fiscal 12/13,1843.84,Municipal Court,Municipal Court-Judicial Enforcement,AT&T MOBILITY
Fiscal 12/13,566,Municipal Court,Municipal Court-Judicial Enforcement,COMMUNICATIONS INSTALLATION SERVICES
Fiscal 12/13,117.5,Municipal Court,Municipal Court-Judicial Enforcement,CONCENTRA MEDICAL CENTER
Fiscal 12/13,40.58,Municipal Court,Municipal Court-Judicial Enforcement,COSTCO
Fiscal 12/13,101.5,Municipal Court,Municipal Court-Judicial Enforcement,ELITE CLEANERS
Fiscal 12/13,601.77425,Municipal Court,Municipal Court-Judicial Enforcement,FEENEY WIRELESS LLC
Fiscal 12/13,220,Municipal Court,Municipal Court-Judicial Enforcement,"INTERCEPT, LLC"
Fiscal 12/13,352.5,Municipal Court,Municipal Court-Judicial Enforcement,LONGONI
Fiscal 12/13,250,Municipal Court,Municipal Court-Judicial Enforcement,NEVADA SHERIFFS & CHIEFS ASSOC
Fiscal 12/13,4434,Municipal Court,Municipal Court-Judicial Enforcement,POWERCOMM SOLUTIONS INC.
Fiscal 12/13,100,Municipal Court,Municipal Court-Judicial Enforcement,"REDWOOD TOXICOLOGY LABORATORY, INC."
Fiscal 12/13,266.51,Municipal Court,Municipal Court-Judicial Enforcement,SAFEGUARD BUSINESS SYSTEMS INC
Fiscal 12/13,58.1,Municipal Court,Municipal Court-Judicial Enforcement,SAFETY ON SITE
Fiscal 12/13,1415.2,Municipal Court,Municipal Court-Judicial Enforcement,SIERRA ELECTRONICS
Fiscal 12/13,206.7,Municipal Court,Municipal Court-Judicial Enforcement,TASER INTERNATIONAL INC.
Fiscal 12/13,113.98,Municipal Court,Municipal Court-Judicial Enforcement,UNIFORMITY INC
Fiscal 12/13,2249.58,Municipal Court,Municipal Court-Judicial Enforcement,VERIZON WIRELESS
Fiscal 12/13,3670,Municipal Court,Municipal Court-Judicial Enforcement,WASHOE COUNTY REGIONAL PUBLIC SAFETY TRAINING CNTR
Fiscal 12/13,15000,Municipal Court,Municipal Court-Judicial Proceedings,ACCESS TO HEALTHCARE NETWORK INC
Fiscal 12/13,1550,Municipal Court,Municipal Court-Judicial Proceedings,ACCS
Fiscal 12/13,400,Municipal Court,Municipal Court-Judicial Proceedings,ADVANCED DUI AND COURT COUNSELING SERVICE
Fiscal 12/13,120,Municipal Court,Municipal Court-Judicial Proceedings,AHUJA
Fiscal 12/13,145,Municipal Court,Municipal Court-Judicial Proceedings,BAILEY COUNSELING ASSOCIATES
Fiscal 12/13,70325.72,Municipal Court,Municipal Court-Judicial Proceedings,BRISTLECONE FAMILY RESOURCES
Fiscal 12/13,975,Municipal Court,Municipal Court-Judicial Proceedings,CHANGES COUNSELING CENTER
Fiscal 12/13,191.9,Municipal Court,Municipal Court-Judicial Proceedings,CHARTER COMMUNICATIONS
Fiscal 12/13,1260,Municipal Court,Municipal Court-Judicial Proceedings,CHESTNUT HEALTH SYSTEMS INC
Fiscal 12/13,1000,Municipal Court,Municipal Court-Judicial Proceedings,COMMUNITY COUNSELING CENTER
Fiscal 12/13,1382.62,Municipal Court,Municipal Court-Judicial Proceedings,COSTCO
Fiscal 12/13,819,Municipal Court,Municipal Court-Judicial Proceedings,COURTYARD CENTRE APARTMENTS
Fiscal 12/13,25510,Municipal Court,Municipal Court-Judicial Proceedings,FAMILY COUNSELING SERVICES
Fiscal 12/13,56831,Municipal Court,Municipal Court-Judicial Proceedings,"INTERCEPT, LLC"
Fiscal 12/13,1547,Municipal Court,Municipal Court-Judicial Proceedings,INTRINSIC INTERVENTIONS
Fiscal 12/13,51438.08,Municipal Court,Municipal Court-Judicial Proceedings,JOIN TOGETHER NORTHERN NEVADA
Fiscal 12/13,1120,Municipal Court,Municipal Court-Judicial Proceedings,N NEV HIV OUTPATIENT PROGRAM EDUCATION & SERVICES
Fiscal 12/13,440,Municipal Court,Municipal Court-Judicial Proceedings,NATIONAL ASSOC OF DRUG COURT PROFESSIONALS
Fiscal 12/13,638,Municipal Court,Municipal Court-Judicial Proceedings,"NETVAD, INC."
Fiscal 12/13,105,Municipal Court,Municipal Court-Judicial Proceedings,"NEVADA COURTS COUNSELING SERVICES, INC."
Fiscal 12/13,2925,Municipal Court,Municipal Court-Judicial Proceedings,NEW FRONTIER
Fiscal 12/13,460.35,Municipal Court,Municipal Court-Judicial Proceedings,NV ENERGY
Fiscal 12/13,45.98,Municipal Court,Municipal Court-Judicial Proceedings,OFFICE DEPOT
Fiscal 12/13,949,Municipal Court,Municipal Court-Judicial Proceedings,PETTY CASH-MUNI CT ADMIN
Fiscal 12/13,31170,Municipal Court,Municipal Court-Judicial Proceedings,QUEST COUNSELING & CONSULTING
Fiscal 12/13,13523.4,Municipal Court,Municipal Court-Judicial Proceedings,"REDWOOD TOXICOLOGY LABORATORY, INC."
Fiscal 12/13,5015,Municipal Court,Municipal Court-Judicial Proceedings,REGIONAL TRANSPORTATION COMMIS
Fiscal 12/13,595,Municipal Court,Municipal Court-Judicial Proceedings,SHERWOOD FOREST LLC
Fiscal 12/13,1040,Municipal Court,Municipal Court-Judicial Proceedings,SIERRA COUNSELING CENTER
Fiscal 12/13,50000,Municipal Court,Municipal Court-Judicial Proceedings,SIERRA PSYCHOLOGICAL ASSOCIATES
Fiscal 12/13,927.9,Municipal Court,Municipal Court-Judicial Proceedings,"SMART START OF NEVADA AND UTAH, LLC"
Fiscal 12/13,360.5,Municipal Court,Municipal Court-Judicial Proceedings,"STEP 2, INC"
Fiscal 12/13,2468.83,Municipal Court,Municipal Court-Judicial Proceedings,TEMP
Fiscal 12/13,1500,Municipal Court,Municipal Court-Judicial Proceedings,TREATMENT RESEARCH INSTITUTE
Fiscal 12/13,299.4,Municipal Court,Municipal Court-Judicial Proceedings,TRUCKEE MEADOWS WATER FILTER
Fiscal 12/13,650,Municipal Court,Municipal Court-Judicial Proceedings,VINER MD PLLC
Fiscal 12/13,60000,Municipal Court,Municipal Court-Non-Departmental,AOC
Fiscal 12/13,7878.22,Municipal Court,Municipal Court-Non-Departmental,CDW-G GOVERNMENT INC
Fiscal 12/13,38592,Municipal Court,Municipal Court-Non-Departmental,COURTVIEW JUSTICE SOLUTIONS INC
Fiscal 12/13,6050,Municipal Court,Municipal Court-Non-Departmental,DE LAGE LANDEN FINANCIAL SERVICES
Fiscal 12/13,133.5,Municipal Court,Municipal Court-Non-Departmental,DELL COMPUTER CORP
Fiscal 12/13,840.7,Municipal Court,Municipal Court-Non-Departmental,DILWORTH
Fiscal 12/13,13938.15,Municipal Court,Municipal Court-Non-Departmental,HARRIS & HARRIS LTD
Fiscal 12/13,1080,Municipal Court,Municipal Court-Non-Departmental,"INTERCEPT, LLC"
Fiscal 12/13,9098.76,Municipal Court,Municipal Court-Non-Departmental,OFFICEMAX
Fiscal 12/13,1785,Municipal Court,Municipal Court-Non-Departmental,PERSONAL DEVELOPMENT CONSULTANTS
Fiscal 12/13,1414.89,Municipal Court,Municipal Court-Non-Departmental,SIERRA WINDOW FASHIONS & TINTING
Fiscal 12/13,24864.66,Municipal Court,Municipal Court-Non-Departmental,SUMMIT PARTNERS LLC
Fiscal 12/13,465624.12,Municipal Court,Municipal Court-Non-Departmental,TYLER TECHNOLOGIES INC
Fiscal 12/13,350,Municipal Court,Municipal Court-Program & Service Management,AHUJA
Fiscal 12/13,23592.5,Municipal Court,Municipal Court-Program & Service Management,AIT ADVANCED INTERPRETING AND TRANSLATING SERVICES
Fiscal 12/13,2638.2,Municipal Court,Municipal Court-Program & Service Management,AT&T
Fiscal 12/13,7735.72,Municipal Court,Municipal Court-Program & Service Management,BANK OF AMERICA - CARDS
Fiscal 12/13,300,Municipal Court,Municipal Court-Program & Service Management,BOBLIS
Fiscal 12/13,750,Municipal Court,Municipal Court-Program & Service Management,BOETSCH ESQ
Fiscal 12/13,60,Municipal Court,Municipal Court-Program & Service Management,CASH
Fiscal 12/13,101.12,Municipal Court,Municipal Court-Program & Service Management,CDW-G GOVERNMENT INC
Fiscal 12/13,2293.79,Municipal Court,Municipal Court-Program & Service Management,CHARTER COMMUNICATIONS
Fiscal 12/13,550,Municipal Court,Municipal Court-Program & Service Management,CHEN YI
Fiscal 12/13,463,Municipal Court,Municipal Court-Program & Service Management,CONCENTRA MEDICAL CENTER
Fiscal 12/13,482.25,Municipal Court,Municipal Court-Program & Service Management,COSTCO
Fiscal 12/13,360,Municipal Court,Municipal Court-Program & Service Management,CUSTOM GLASS DIST INC
Fiscal 12/13,24000,Municipal Court,Municipal Court-Program & Service Management,DAUS
Fiscal 12/13,2232.64,Municipal Court,Municipal Court-Program & Service Management,DELL COMPUTER CORP
Fiscal 12/13,151.14,Municipal Court,Municipal Court-Program & Service Management,DELUXE FOR BUSINESS
Fiscal 12/13,450,Municipal Court,Municipal Court-Program & Service Management,DEMETRAS & O'NEILL
Fiscal 12/13,362.5,Municipal Court,Municipal Court-Program & Service Management,DICKERSON
Fiscal 12/13,352,Municipal Court,Municipal Court-Program & Service Management,DYNAGRAPHIC PRINTING
Fiscal 12/13,120.25,Municipal Court,Municipal Court-Program & Service Management,ELITE CLEANERS
Fiscal 12/13,10025,Municipal Court,Municipal Court-Program & Service Management,FAMILY COUNSELING SERVICES
Fiscal 12/13,30.75,Municipal Court,Municipal Court-Program & Service Management,FEDERAL EXPRESS CORP
Fiscal 12/13,4800,Municipal Court,Municipal Court-Program & Service Management,FIELD-LANG
Fiscal 12/13,150,Municipal Court,Municipal Court-Program & Service Management,HARDER
Fiscal 12/13,1954,Municipal Court,Municipal Court-Program & Service Management,HARRYS BUSINESS MACHINES
Fiscal 12/13,1263.5,Municipal Court,Municipal Court-Program & Service Management,HIGH DESERT MICROIMAGING
Fiscal 12/13,1126.68,Municipal Court,Municipal Court-Program & Service Management,HOLM ELECTRIC INC
Fiscal 12/13,1050,Municipal Court,Municipal Court-Program & Service Management,HUBACH ESQ
Fiscal 12/13,1780,Municipal Court,Municipal Court-Program & Service Management,"INTERCEPT, LLC"
Fiscal 12/13,5610,Municipal Court,Municipal Court-Program & Service Management,LAKE'S CROSSING CENTER
Fiscal 12/13,2400,Municipal Court,Municipal Court-Program & Service Management,LAW OFFICES OF GENE S DRAKULICH
Fiscal 12/13,750,Municipal Court,Municipal Court-Program & Service Management,LAW OFFICES OF JOHN SPRINGGATE
Fiscal 12/13,77174.04,Municipal Court,Municipal Court-Program & Service Management,"LAW OFFICES OF ROBERTO PUENTES, JR"
Fiscal 12/13,929.28,Municipal Court,Municipal Court-Program & Service Management,LEXISNEXIS MATTHEW BENDER
Fiscal 12/13,1486.44,Municipal Court,Municipal Court-Program & Service Management,LONGONI
Fiscal 12/13,76652.59,Municipal Court,Municipal Court-Program & Service Management,LOOMIS
Fiscal 12/13,900,Municipal Court,Municipal Court-Program & Service Management,LUMKES
Fiscal 12/13,6431.17,Municipal Court,Municipal Court-Program & Service Management,MCKENNA
Fiscal 12/13,562.5,Municipal Court,Municipal Court-Program & Service Management,MOUNTAIN EAP
Fiscal 12/13,170,Municipal Court,Municipal Court-Program & Service Management,MUNCY LEE
Fiscal 12/13,100,Municipal Court,Municipal Court-Program & Service Management,NAKHAEE
Fiscal 12/13,1000,Municipal Court,Municipal Court-Program & Service Management,NEVADA JUDGES OF LIMTED JURISDICTION
Fiscal 12/13,505.41,Municipal Court,Municipal Court-Program & Service Management,NEVADA RUBBER STAMP CO INC
Fiscal 12/13,23400,Municipal Court,Municipal Court-Program & Service Management,NINO DE GUZMAN 
Fiscal 12/13,400,Municipal Court,Municipal Court-Program & Service Management,NORTHERN NEVADA INTERNATIONAL CENTER
Fiscal 12/13,150.11,Municipal Court,Municipal Court-Program & Service Management,OFFICE DEPOT
Fiscal 12/13,9135.38,Municipal Court,Municipal Court-Program & Service Management,OFFICEMAX
Fiscal 12/13,230,Municipal Court,Municipal Court-Program & Service Management,OMAHEN
Fiscal 12/13,513.8,Municipal Court,Municipal Court-Program & Service Management,OTIS ELEVATOR COMPANY
Fiscal 12/13,110.27,Municipal Court,Municipal Court-Program & Service Management,PETTY CASH-MUNI CT ADMIN
Fiscal 12/13,340,Municipal Court,Municipal Court-Program & Service Management,PHONE TREE
Fiscal 12/13,100,Municipal Court,Municipal Court-Program & Service Management,PORTER
Fiscal 12/13,1296,Municipal Court,Municipal Court-Program & Service Management,POWERCOMM SOLUTIONS INC.
Fiscal 12/13,860,Municipal Court,Municipal Court-Program & Service Management,QUAL-ECON USA INC
Fiscal 12/13,590,Municipal Court,Municipal Court-Program & Service Management,QUDDUS
Fiscal 12/13,2030,Municipal Court,Municipal Court-Program & Service Management,QUEST COUNSELING & CONSULTING
Fiscal 12/13,70,Municipal Court,Municipal Court-Program & Service Management,RAJAN
Fiscal 12/13,138.87,Municipal Court,Municipal Court-Program & Service Management,SAFETY ON SITE
Fiscal 12/13,1728,Municipal Court,Municipal Court-Program & Service Management,SHRED-IT
Fiscal 12/13,10000,Municipal Court,Municipal Court-Program & Service Management,SIERRA PSYCHOLOGICAL ASSOCIATES
Fiscal 12/13,99,Municipal Court,Municipal Court-Program & Service Management,"SMART START OF NEVADA AND UTAH, LLC"
Fiscal 12/13,71192.87,Municipal Court,Municipal Court-Program & Service Management,SOTELO
Fiscal 12/13,78136.04,Municipal Court,Municipal Court-Program & Service Management,TAITEL
Fiscal 12/13,285,Municipal Court,Municipal Court-Program & Service Management,TEMP
Fiscal 12/13,2636.48,Municipal Court,Municipal Court-Program & Service Management,THOMSON WEST
Fiscal 12/13,1589,Municipal Court,Municipal Court-Program & Service Management,THYSSENKRUPP ELEVATOR
Fiscal 12/13,150,Municipal Court,Municipal Court-Program & Service Management,"TOTAL CREATIVE SOLUTIONS, LLC"
Fiscal 12/13,60,Municipal Court,Municipal Court-Program & Service Management,TUAVAO
Fiscal 12/13,146103.89,Municipal Court,Municipal Court-Program & Service Management,WASHOE COUNTY FACILITY MANAGEMENT
Fiscal 12/13,45986.43,Municipal Court,Municipal Court-Program & Service Management,WASHOE COUNTY TREASURER
Fiscal 12/13,50,Municipal Court,Municipal Court-Program & Service Management,"WELLS FARGO INSURANCE SERVICES OF NEVADA, INC."
Fiscal 12/13,150,Municipal Court,Municipal Court-Program & Service Management,"WOODMAN, ESQ"
Fiscal 12/13,49447.03,Non Departmental Activities,Non-Departmental-Non-Departmental,ASSESSMENT MANAGEMENT GROUP
Fiscal 12/13,2500,Non Departmental Activities,Non-Departmental-Non-Departmental,GAMES
Fiscal 12/13,260.86,Non Departmental Activities,Non-Departmental-Non-Departmental,RENO GAZETTE JOURNAL
Fiscal 12/13,210047.9,Non Departmental Activities,Non-Departmental-Non-Departmental,TEMP
Fiscal 12/13,1457237.51,Non Departmental Activities,Non-Departmental-Non-Departmental,THE BANK OF NEW YORK
Fiscal 12/13,1737504.13,Non Departmental Activities,Non-Departmental-Non-Departmental,US BANK
Fiscal 12/13,1752,Non Departmental Activities,Non-Departmental-Non-Departmental,WASHOE COUNTY RECORDER
Fiscal 12/13,328392.5,Non Departmental Activities,Non-Departmental-Non-Departmental,WELLS FARGO BANK
Fiscal 12/13,1285.71,Non Departmental Activities,Non-Departmental-Non-Departmental,ZIONS BANK PUBLIC FINANCE
Fiscal 12/13,4182.8,Parks and Recreation,"Parks, Rec. & Community Service-Aquatics",AMERICAN RED CROSS
Fiscal 12/13,107.6,Parks and Recreation,"Parks, Rec. & Community Service-Aquatics",APEX PRODUCTS
Fiscal 12/13,3193.95,Parks and Recreation,"Parks, Rec. & Community Service-Aquatics",AT&T
Fiscal 12/13,382.18,Parks and Recreation,"Parks, Rec. & Community Service-Aquatics",CDW-G GOVERNMENT INC
Fiscal 12/13,556.76,Parks and Recreation,"Parks, Rec. & Community Service-Aquatics",DESERT GLASS
Fiscal 12/13,483.72,Parks and Recreation,"Parks, Rec. & Community Service-Aquatics",KRAMES STAYWELL LLC
Fiscal 12/13,2196.32,Parks and Recreation,"Parks, Rec. & Community Service-Aquatics",LEE JOSEPH INC
Fiscal 12/13,1107,Parks and Recreation,"Parks, Rec. & Community Service-Aquatics",LINCOLN EQUIPMENT
Fiscal 12/13,600,Parks and Recreation,"Parks, Rec. & Community Service-Aquatics",NEVADA STATE FIRE MARSHAL
Fiscal 12/13,3.56,Parks and Recreation,"Parks, Rec. & Community Service-Aquatics",OFFICEMAX
Fiscal 12/13,40,Parks and Recreation,"Parks, Rec. & Community Service-Aquatics",RECREONICS INC
Fiscal 12/13,541.9,Parks and Recreation,"Parks, Rec. & Community Service-Aquatics",SAFETY ON SITE
Fiscal 12/13,275,Parks and Recreation,"Parks, Rec. & Community Service-Aquatics",SANI HUT
Fiscal 12/13,2187,Parks and Recreation,"Parks, Rec. & Community Service-Aquatics",SECURITAS SECURITY SERVICES
Fiscal 12/13,29842.98,Parks and Recreation,"Parks, Rec. & Community Service-Aquatics",SIERRA CHEMICAL COMPANY
Fiscal 12/13,837,Parks and Recreation,"Parks, Rec. & Community Service-Aquatics",WASHOE COUNTY HEALTH DISTRICT
Fiscal 12/13,438.16,Parks and Recreation,"Parks, Rec. & Community Service-Athletics",BASALITE
Fiscal 12/13,15945.09,Parks and Recreation,"Parks, Rec. & Community Service-Athletics",BSN SPORTS.COM
Fiscal 12/13,6012,Parks and Recreation,"Parks, Rec. & Community Service-Athletics",NEVADA ASA
Fiscal 12/13,217.64,Parks and Recreation,"Parks, Rec. & Community Service-Athletics",OFFICEMAX
Fiscal 12/13,1671.6,Parks and Recreation,"Parks, Rec. & Community Service-Athletics",SAFEGUARD BUSINESS SYSTEMS INC
Fiscal 12/13,1799.2,Parks and Recreation,"Parks, Rec. & Community Service-Athletics",SAFEGUARD WEB & GRAPHICS
Fiscal 12/13,2051.15,Parks and Recreation,"Parks, Rec. & Community Service-Athletics",US SPECIALTY COATINGS
Fiscal 12/13,400,Parks and Recreation,"Parks, Rec. & Community Service-Cultural Affairs",AMERICAN PLANNING ASSOCIATION
Fiscal 12/13,4100,Parks and Recreation,"Parks, Rec. & Community Service-Cultural Affairs",BLACK ROCK ARTS FOUNDATION
Fiscal 12/13,3235,Parks and Recreation,"Parks, Rec. & Community Service-Cultural Affairs",BOARD OF REGENTS
Fiscal 12/13,3800,Parks and Recreation,"Parks, Rec. & Community Service-Cultural Affairs",BOARD OF REGENTS-UNR M/S 124
Fiscal 12/13,1494,Parks and Recreation,"Parks, Rec. & Community Service-Cultural Affairs",BROADCAST MUSIC INC
Fiscal 12/13,3550,Parks and Recreation,"Parks, Rec. & Community Service-Cultural Affairs",BRUKA THEATRE OF THE SIERRA
Fiscal 12/13,137.84,Parks and Recreation,"Parks, Rec. & Community Service-Cultural Affairs",CDW-G GOVERNMENT INC
Fiscal 12/13,3235,Parks and Recreation,"Parks, Rec. & Community Service-Cultural Affairs",CONTROLLED BURN
Fiscal 12/13,3800,Parks and Recreation,"Parks, Rec. & Community Service-Cultural Affairs",NEVADA MUSEUM OF ART
Fiscal 12/13,-14.5,Parks and Recreation,"Parks, Rec. & Community Service-Cultural Affairs",OFFICEMAX
Fiscal 12/13,33.23,Parks and Recreation,"Parks, Rec. & Community Service-Cultural Affairs",PETTY CASH-ARTS & CULTURE
Fiscal 12/13,21.16,Parks and Recreation,"Parks, Rec. & Community Service-Cultural Affairs",PETTY CASH-PRCS SOUTHSIDE
Fiscal 12/13,3550,Parks and Recreation,"Parks, Rec. & Community Service-Cultural Affairs",RENO LITTLE THEATER
Fiscal 12/13,75.17,Parks and Recreation,"Parks, Rec. & Community Service-Cultural Affairs",SAFETY ON SITE
Fiscal 12/13,3800,Parks and Recreation,"Parks, Rec. & Community Service-Cultural Affairs",SIERRA ARTS FOUNDATION
Fiscal 12/13,3235,Parks and Recreation,"Parks, Rec. & Community Service-Cultural Affairs",SIERRA NEVADA BALLET
Fiscal 12/13,3550,Parks and Recreation,"Parks, Rec. & Community Service-Cultural Affairs",SIERRA NEVADA GUITAR SOCIETY
Fiscal 12/13,930,Parks and Recreation,"Parks, Rec. & Community Service-Cultural Affairs",SIERRA WATERCOLOR SOCIETY
Fiscal 12/13,500,Parks and Recreation,"Parks, Rec. & Community Service-Cultural Affairs",TEMP
Fiscal 12/13,3800,Parks and Recreation,"Parks, Rec. & Community Service-Cultural Affairs",THE HOLLAND PROJECT
Fiscal 12/13,3800,Parks and Recreation,"Parks, Rec. & Community Service-Cultural Affairs",THE NOTE-ABLES
Fiscal 12/13,3235,Parks and Recreation,"Parks, Rec. & Community Service-Cultural Affairs",THE RENO IRISH DANCE CO
Fiscal 12/13,3800,Parks and Recreation,"Parks, Rec. & Community Service-Cultural Affairs",THE RENO JAZZ ORCHESTRA
Fiscal 12/13,3800,Parks and Recreation,"Parks, Rec. & Community Service-Cultural Affairs",THEATREWORKS OF NORTHERN NEVADA
Fiscal 12/13,3800,Parks and Recreation,"Parks, Rec. & Community Service-Cultural Affairs",VSA ARTS OF NEVADA
Fiscal 12/13,281.07,Parks and Recreation,"Parks, Rec. & Community Service-Golf",AIRGAS INC
Fiscal 12/13,4099.68,Parks and Recreation,"Parks, Rec. & Community Service-Golf",ANTIGUA GROUP INC
Fiscal 12/13,1878.4,Parks and Recreation,"Parks, Rec. & Community Service-Golf",AT&T
Fiscal 12/13,200,Parks and Recreation,"Parks, Rec. & Community Service-Golf",AUDUBON INTERNATIONAL
Fiscal 12/13,5519.18,Parks and Recreation,"Parks, Rec. & Community Service-Golf",BANK OF AMERICA - CARDS
Fiscal 12/13,1756.32,Parks and Recreation,"Parks, Rec. & Community Service-Golf",BARNES DISTRIBUTION
Fiscal 12/13,1510.86,Parks and Recreation,"Parks, Rec. & Community Service-Golf",BERMUDA SANDS APPAREL LLC
Fiscal 12/13,205,Parks and Recreation,"Parks, Rec. & Community Service-Golf",BEST CASH REGISTER COMPANY
Fiscal 12/13,1341.07,Parks and Recreation,"Parks, Rec. & Community Service-Golf","BRIDGESTONE GOLF, INC."
Fiscal 12/13,223.1,Parks and Recreation,"Parks, Rec. & Community Service-Golf",BUSHNELL OUTDOOR PRODUCTS
Fiscal 12/13,237.79,Parks and Recreation,"Parks, Rec. & Community Service-Golf",CALIFORNIA INDUSTRIAL RUBBER
Fiscal 12/13,559.39,Parks and Recreation,"Parks, Rec. & Community Service-Golf",CALLAWAY GOLF
Fiscal 12/13,4778.62,Parks and Recreation,"Parks, Rec. & Community Service-Golf",CEMEX
Fiscal 12/13,4244.32,Parks and Recreation,"Parks, Rec. & Community Service-Golf",CLEVELAND GOLF
Fiscal 12/13,197.65,Parks and Recreation,"Parks, Rec. & Community Service-Golf",COBRA PUMA GOLF
Fiscal 12/13,101.49,Parks and Recreation,"Parks, Rec. & Community Service-Golf",COSTCO
Fiscal 12/13,2461,Parks and Recreation,"Parks, Rec. & Community Service-Golf",CROP PRODUCTION SERVICES INC
Fiscal 12/13,160,Parks and Recreation,"Parks, Rec. & Community Service-Golf",CULLIGAN
Fiscal 12/13,1725.72,Parks and Recreation,"Parks, Rec. & Community Service-Golf",CUSTOM BRANDED SPORTSWEAR INC
Fiscal 12/13,1035,Parks and Recreation,"Parks, Rec. & Community Service-Golf",DERONE ENTERPRISES
Fiscal 12/13,129.49,Parks and Recreation,"Parks, Rec. & Community Service-Golf",DON MARTIN & CO
Fiscal 12/13,6652.25,Parks and Recreation,"Parks, Rec. & Community Service-Golf",ELLIOTT PGA
Fiscal 12/13,10806.59,Parks and Recreation,"Parks, Rec. & Community Service-Golf",FLYERS ENERGY LLC
Fiscal 12/13,623.61,Parks and Recreation,"Parks, Rec. & Community Service-Golf",GOLF DESIGN USA
Fiscal 12/13,52.28,Parks and Recreation,"Parks, Rec. & Community Service-Golf",GRAINGER
Fiscal 12/13,1388.26,Parks and Recreation,"Parks, Rec. & Community Service-Golf",HJ GLOVE CO
Fiscal 12/13,537.15,Parks and Recreation,"Parks, Rec. & Community Service-Golf",HOME DEPOT
Fiscal 12/13,33.94,Parks and Recreation,"Parks, Rec. & Community Service-Golf",HOSE & FITTINGS ETC
Fiscal 12/13,49.96,Parks and Recreation,"Parks, Rec. & Community Service-Golf",KAMAN INDUSTRIAL TECHNOLOGIES
Fiscal 12/13,8900,Parks and Recreation,"Parks, Rec. & Community Service-Golf",KING PAR LLC
Fiscal 12/13,873.92,Parks and Recreation,"Parks, Rec. & Community Service-Golf",LES SCHWAB TIRE CENTER OF NEVADA INC
Fiscal 12/13,3514.25,Parks and Recreation,"Parks, Rec. & Community Service-Golf",NAPA AUTO & TRUCK PARTS
Fiscal 12/13,1226.86,Parks and Recreation,"Parks, Rec. & Community Service-Golf",NEVADA POWER PRODUCTS INC
Fiscal 12/13,150,Parks and Recreation,"Parks, Rec. & Community Service-Golf",NEVADA STATE FIRE MARSHAL
Fiscal 12/13,543.2,Parks and Recreation,"Parks, Rec. & Community Service-Golf",NIKE INC
Fiscal 12/13,129.19,Parks and Recreation,"Parks, Rec. & Community Service-Golf",OGIO INTERNATIONAL INC
Fiscal 12/13,1585.52,Parks and Recreation,"Parks, Rec. & Community Service-Golf",OXBORROW TRUCKING INC
Fiscal 12/13,1480,Parks and Recreation,"Parks, Rec. & Community Service-Golf",PETROLEUM DISTRIBUTORS INC
Fiscal 12/13,5214.66,Parks and Recreation,"Parks, Rec. & Community Service-Golf",PING INC
Fiscal 12/13,1113.34,Parks and Recreation,"Parks, Rec. & Community Service-Golf",POWERBILT GOLF
Fiscal 12/13,188.51,Parks and Recreation,"Parks, Rec. & Community Service-Golf",PURCELL TIRE COMPANY
Fiscal 12/13,24.07,Parks and Recreation,"Parks, Rec. & Community Service-Golf","R&E FASTENERS, INC."
Fiscal 12/13,1383.28,Parks and Recreation,"Parks, Rec. & Community Service-Golf","RELIANT ELECTRIC, LLC."
Fiscal 12/13,50,Parks and Recreation,"Parks, Rec. & Community Service-Golf",RENO DRAIN & OIL SERVICE
Fiscal 12/13,1710,Parks and Recreation,"Parks, Rec. & Community Service-Golf",RENO ROCK TRANSPORT LLC
Fiscal 12/13,38.68,Parks and Recreation,"Parks, Rec. & Community Service-Golf",RENO SALVAGE CO
Fiscal 12/13,380.98,Parks and Recreation,"Parks, Rec. & Community Service-Golf",ROSE INDUSTRIES
Fiscal 12/13,738.71,Parks and Recreation,"Parks, Rec. & Community Service-Golf",SAFETY ON SITE
Fiscal 12/13,263.64,Parks and Recreation,"Parks, Rec. & Community Service-Golf",SCHAEFFERS MFG CO
Fiscal 12/13,34630.424,Parks and Recreation,"Parks, Rec. & Community Service-Golf",SIERRA PACIFIC TURF SUPPLY INC
Fiscal 12/13,47.99,Parks and Recreation,"Parks, Rec. & Community Service-Golf",SIERRA REPAIR & SHARPENING INC
Fiscal 12/13,213.62,Parks and Recreation,"Parks, Rec. & Community Service-Golf",SIERRA WELDING SUPPLY
Fiscal 12/13,2835,Parks and Recreation,"Parks, Rec. & Community Service-Golf",SJC LTD
Fiscal 12/13,800,Parks and Recreation,"Parks, Rec. & Community Service-Golf",STOLTZ MIKE
Fiscal 12/13,1478.93,Parks and Recreation,"Parks, Rec. & Community Service-Golf",SUN MOUNTAIN SPORTS
Fiscal 12/13,310.18,Parks and Recreation,"Parks, Rec. & Community Service-Golf",SUNRISE ENVIRONMENTAL SCIENTIFIC
Fiscal 12/13,1855.5,Parks and Recreation,"Parks, Rec. & Community Service-Golf",SUPREME INTERNATIONAL LLC
Fiscal 12/13,293.31,Parks and Recreation,"Parks, Rec. & Community Service-Golf",TARTAN SPORTS
Fiscal 12/13,9922.87,Parks and Recreation,"Parks, Rec. & Community Service-Golf","TAYLOR MADE GOLF COMPANY, INC."
Fiscal 12/13,224.45,Parks and Recreation,"Parks, Rec. & Community Service-Golf",THE CART BARN
Fiscal 12/13,289,Parks and Recreation,"Parks, Rec. & Community Service-Golf",THOLL FENCE INC
Fiscal 12/13,1375.58,Parks and Recreation,"Parks, Rec. & Community Service-Golf","THOMAS PETROLEUM, LLC"
Fiscal 12/13,24542.53,Parks and Recreation,"Parks, Rec. & Community Service-Golf",TITLEIST
Fiscal 12/13,285.64,Parks and Recreation,"Parks, Rec. & Community Service-Golf",TOUR EDGE
Fiscal 12/13,2042.91,Parks and Recreation,"Parks, Rec. & Community Service-Golf",TOWN TALK
Fiscal 12/13,11299.2,Parks and Recreation,"Parks, Rec. & Community Service-Golf",TURF STAR INC
Fiscal 12/13,1120,Parks and Recreation,"Parks, Rec. & Community Service-Golf","UNITED SITE SERVICES OF NEVADA, INC"
Fiscal 12/13,899.68,Parks and Recreation,"Parks, Rec. & Community Service-Golf",VGM CLUB
Fiscal 12/13,1920,Parks and Recreation,"Parks, Rec. & Community Service-Golf",WATERS VACUUM TRUCK SERVICE
Fiscal 12/13,90,Parks and Recreation,"Parks, Rec. & Community Service-Golf",WATTERS
Fiscal 12/13,3658.12,Parks and Recreation,"Parks, Rec. & Community Service-Golf",WESTERN NEVADA SUPPLY
Fiscal 12/13,5000,Parks and Recreation,"Parks, Rec. & Community Service-Golf",WESTERN TURF
Fiscal 12/13,678.65,Parks and Recreation,"Parks, Rec. & Community Service-Marketing and Public Relations","GOVCONNECTION, INC"
Fiscal 12/13,49,Parks and Recreation,"Parks, Rec. & Community Service-Marketing and Public Relations",PETTY CASH-PRCS SOUTHSIDE
Fiscal 12/13,6461.83,Parks and Recreation,"Parks, Rec. & Community Service-Non-Departmental",AMEC EARTH & ENVIRONMENTAL INC
Fiscal 12/13,2800,Parks and Recreation,"Parks, Rec. & Community Service-Non-Departmental",ANCHOR CONCRETE
Fiscal 12/13,42349,Parks and Recreation,"Parks, Rec. & Community Service-Non-Departmental",CFA INC
Fiscal 12/13,66788.98,Parks and Recreation,"Parks, Rec. & Community Service-Non-Departmental",CXT INCORPORATED
Fiscal 12/13,386256.62,Parks and Recreation,"Parks, Rec. & Community Service-Non-Departmental","GARDEN SHOP NURSERY LANDSCAPING DIV, INC."
Fiscal 12/13,23680,Parks and Recreation,"Parks, Rec. & Community Service-Non-Departmental",GRADEX CONSTRUCTION CO INC
Fiscal 12/13,2027,Parks and Recreation,"Parks, Rec. & Community Service-Non-Departmental",IMAGE WORKS INC
Fiscal 12/13,200,Parks and Recreation,"Parks, Rec. & Community Service-Non-Departmental",NEVADA STATE DIV OF ENVIRONMENTAL PROTECTION
Fiscal 12/13,64000,Parks and Recreation,"Parks, Rec. & Community Service-Non-Departmental",NEVADA TRI PARTNERS
Fiscal 12/13,12,Parks and Recreation,"Parks, Rec. & Community Service-Non-Departmental",NV ENERGY
Fiscal 12/13,5330.7,Parks and Recreation,"Parks, Rec. & Community Service-Non-Departmental",RESTROOM FACILITIES CORP.
Fiscal 12/13,627265.61,Parks and Recreation,"Parks, Rec. & Community Service-Non-Departmental","SPANISH SPRINGS CONSTRUCTION, INC."
Fiscal 12/13,2305,Parks and Recreation,"Parks, Rec. & Community Service-Non-Departmental",TICOR TITLE CO
Fiscal 12/13,3250,Parks and Recreation,"Parks, Rec. & Community Service-Non-Departmental",UNIVERSAL PRECAST CONCRETE INC
Fiscal 12/13,2372.22,Parks and Recreation,"Parks, Rec. & Community Service-Non-Departmental",WASHOE COUNTY WATER RESOURCES
Fiscal 12/13,624.87,Parks and Recreation,"Parks, Rec. & Community Service-Non-Departmental",WESTERN NEVADA SUPPLY
Fiscal 12/13,900,Parks and Recreation,"Parks, Rec. & Community Service-Outdoor Recreation",A & C CO
Fiscal 12/13,1699.96,Parks and Recreation,"Parks, Rec. & Community Service-Outdoor Recreation",AMERIGAS - SPARKS 5135
Fiscal 12/13,393.45,Parks and Recreation,"Parks, Rec. & Community Service-Outdoor Recreation",AT&T
Fiscal 12/13,680,Parks and Recreation,"Parks, Rec. & Community Service-Outdoor Recreation",BECKER ARENA PRODUCTS INC
Fiscal 12/13,180,Parks and Recreation,"Parks, Rec. & Community Service-Outdoor Recreation",BOARD OF REGENTS
Fiscal 12/13,65.95,Parks and Recreation,"Parks, Rec. & Community Service-Outdoor Recreation",DISCOUNT OFFICE SUPPLY INC
Fiscal 12/13,1984.3,Parks and Recreation,"Parks, Rec. & Community Service-Outdoor Recreation",HERTZ EQUIPMENT RENTALS
Fiscal 12/13,5120,Parks and Recreation,"Parks, Rec. & Community Service-Outdoor Recreation",JACKSON ULTIMA SKATE INC
Fiscal 12/13,100,Parks and Recreation,"Parks, Rec. & Community Service-Outdoor Recreation",NEVADA STATE DEPARTMENT OF CONSERVATION AND
Fiscal 12/13,14.51,Parks and Recreation,"Parks, Rec. & Community Service-Outdoor Recreation",OFFICEMAX
Fiscal 12/13,8,Parks and Recreation,"Parks, Rec. & Community Service-Outdoor Recreation",PETTY CASH-PRCS SOUTHSIDE
Fiscal 12/13,524.14,Parks and Recreation,"Parks, Rec. & Community Service-Outdoor Recreation",PRICE CHOPPER INC
Fiscal 12/13,13981.08,Parks and Recreation,"Parks, Rec. & Community Service-Outdoor Recreation",QUICK SPACE INC
Fiscal 12/13,143.6,Parks and Recreation,"Parks, Rec. & Community Service-Outdoor Recreation",SAFETY ON SITE
Fiscal 12/13,275.91,Parks and Recreation,"Parks, Rec. & Community Service-Outdoor Recreation",SIGNS BY TOMORROW
Fiscal 12/13,3296,Parks and Recreation,"Parks, Rec. & Community Service-Outdoor Recreation",THOLL FENCE INC
Fiscal 12/13,1962,Parks and Recreation,"Parks, Rec. & Community Service-Outdoor Recreation","UNITED SITE SERVICES OF NEVADA, INC"
Fiscal 12/13,952.26,Parks and Recreation,"Parks, Rec. & Community Service-Outdoor Recreation",WESTERN NEVADA SUPPLY
Fiscal 12/13,7500,Parks and Recreation,"Parks, Rec. & Community Service-Park Planning & Development",RENO CONTINENTAL LITTLE LEAGUE
Fiscal 12/13,10000,Parks and Recreation,"Parks, Rec. & Community Service-Park Planning & Development",TEMP
Fiscal 12/13,510,Parks and Recreation,"Parks, Rec. & Community Service-Parks Maintenance",A 1 RADIATOR REPAIR INC
Fiscal 12/13,330,Parks and Recreation,"Parks, Rec. & Community Service-Parks Maintenance",A G MCGRANNAHAN III
Fiscal 12/13,114.95,Parks and Recreation,"Parks, Rec. & Community Service-Parks Maintenance",ABC FIRE AND CYLINDER SERVICE
Fiscal 12/13,24,Parks and Recreation,"Parks, Rec. & Community Service-Parks Maintenance",ABC LOCK & GLASS INC
Fiscal 12/13,15000,Parks and Recreation,"Parks, Rec. & Community Service-Parks Maintenance",AGRONO-TEC SEED CO INC
Fiscal 12/13,150,Parks and Recreation,"Parks, Rec. & Community Service-Parks Maintenance",ANDERSON
Fiscal 12/13,757.82,Parks and Recreation,"Parks, Rec. & Community Service-Parks Maintenance",ANSWERWEST.COM
Fiscal 12/13,1066,Parks and Recreation,"Parks, Rec. & Community Service-Parks Maintenance",APEX PRODUCTS
Fiscal 12/13,1735,Parks and Recreation,"Parks, Rec. & Community Service-Parks Maintenance",AQUATIC ENVIRONMENTS INC
Fiscal 12/13,508.84,Parks and Recreation,"Parks, Rec. & Community Service-Parks Maintenance",AT&T
Fiscal 12/13,148.33,Parks and Recreation,"Parks, Rec. & Community Service-Parks Maintenance",BARNES DISTRIBUTION
Fiscal 12/13,438.16,Parks and Recreation,"Parks, Rec. & Community Service-Parks Maintenance",BASALITE
Fiscal 12/13,86,Parks and Recreation,"Parks, Rec. & Community Service-Parks Maintenance",BATTERIES PLUS
Fiscal 12/13,60,Parks and Recreation,"Parks, Rec. & Community Service-Parks Maintenance",BECKMAN
Fiscal 12/13,908.93,Parks and Recreation,"Parks, Rec. & Community Service-Parks Maintenance",BIG T RECREATION
Fiscal 12/13,150,Parks and Recreation,"Parks, Rec. & Community Service-Parks Maintenance",BIRCH III
Fiscal 12/13,180,Parks and Recreation,"Parks, Rec. & Community Service-Parks Maintenance",BONIE
Fiscal 12/13,953.8,Parks and Recreation,"Parks, Rec. & Community Service-Parks Maintenance",BRADY INDUSTRIES LLC
Fiscal 12/13,90,Parks and Recreation,"Parks, Rec. & Community Service-Parks Maintenance",BURNS
Fiscal 12/13,483.48,Parks and Recreation,"Parks, Rec. & Community Service-Parks Maintenance",CAMELOT PARTY RENTALS
Fiscal 12/13,30,Parks and Recreation,"Parks, Rec. & Community Service-Parks Maintenance",CARTER
Fiscal 12/13,34.46,Parks and Recreation,"Parks, Rec. & Community Service-Parks Maintenance",CDW-G GOVERNMENT INC
Fiscal 12/13,20005,Parks and Recreation,"Parks, Rec. & Community Service-Parks Maintenance",CENTRAL CONTROL SYSTEMS
Fiscal 12/13,32,Parks and Recreation,"Parks, Rec. & Community Service-Parks Maintenance",CONCENTRA MEDICAL CENTER
Fiscal 12/13,150,Parks and Recreation,"Parks, Rec. & Community Service-Parks Maintenance",CONDON
Fiscal 12/13,30,Parks and Recreation,"Parks, Rec. & Community Service-Parks Maintenance",COOMLER
Fiscal 12/13,150,Parks and Recreation,"Parks, Rec. & Community Service-Parks Maintenance",COWELL
Fiscal 12/13,150,Parks and Recreation,"Parks, Rec. & Community Service-Parks Maintenance",COWELL
Fiscal 12/13,60,Parks and Recreation,"Parks, Rec. & Community Service-Parks Maintenance",COX
Fiscal 12/13,59.5,Parks and Recreation,"Parks, Rec. & Community Service-Parks Maintenance",CROP PRODUCTION SERVICES INC
Fiscal 12/13,120,Parks and Recreation,"Parks, Rec. & Community Service-Parks Maintenance",CURRY
Fiscal 12/13,60,Parks and Recreation,"Parks, Rec. & Community Service-Parks Maintenance",DAMON-O'NEILL MARTHA
Fiscal 12/13,7425,Parks and Recreation,"Parks, Rec. & Community Service-Parks Maintenance",E* POLY STAR INC.
Fiscal 12/13,890,Parks and Recreation,"Parks, Rec. & Community Service-Parks Maintenance",ENVIROTECH SERVICES
Fiscal 12/13,500,Parks and Recreation,"Parks, Rec. & Community Service-Parks Maintenance",ENVISION PERFORMING ARTS
Fiscal 12/13,150,Parks and Recreation,"Parks, Rec. & Community Service-Parks Maintenance",ERNST
Fiscal 12/13,30,Parks and Recreation,"Parks, Rec. & Community Service-Parks Maintenance",ESPOSITO
Fiscal 12/13,15160.3,Parks and Recreation,"Parks, Rec. & Community Service-Parks Maintenance",EWING IRRIGATION & INDUSTRIAL
Fiscal 12/13,180,Parks and Recreation,"Parks, Rec. & Community Service-Parks Maintenance",FALCIONI
Fiscal 12/13,1494,Parks and Recreation,"Parks, Rec. & Community Service-Parks Maintenance",FASANI PAINTING INC
Fiscal 12/13,146.02,Parks and Recreation,"Parks, Rec. & Community Service-Parks Maintenance",FERGUSON ENTERPRISES INC
Fiscal 12/13,150,Parks and Recreation,"Parks, Rec. & Community Service-Parks Maintenance",FIANNACA
Fiscal 12/13,30,Parks and Recreation,"Parks, Rec. & Community Service-Parks Maintenance",FINETTI
Fiscal 12/13,64.95,Parks and Recreation,"Parks, Rec. & Community Service-Parks Maintenance",FLAG STORE
Fiscal 12/13,240,Parks and Recreation,"Parks, Rec. & Community Service-Parks Maintenance",FORCIER
Fiscal 12/13,30,Parks and Recreation,"Parks, Rec. & Community Service-Parks Maintenance",FORD
Fiscal 12/13,150,Parks and Recreation,"Parks, Rec. & Community Service-Parks Maintenance",FOSTER
Fiscal 12/13,150,Parks and Recreation,"Parks, Rec. & Community Service-Parks Maintenance",FREEMONT
Fiscal 12/13,7928.38,Parks and Recreation,"Parks, Rec. & Community Service-Parks Maintenance",GAMETIME C/O GREAT WEST PLAY
Fiscal 12/13,30,Parks and Recreation,"Parks, Rec. & Community Service-Parks Maintenance",GARAVENTA
Fiscal 12/13,13516.84,Parks and Recreation,"Parks, Rec. & Community Service-Parks Maintenance","GARDEN SHOP NURSERY LANDSCAPING DIV, INC."
Fiscal 12/13,180,Parks and Recreation,"Parks, Rec. & Community Service-Parks Maintenance",GENUARIO
Fiscal 12/13,120,Parks and Recreation,"Parks, Rec. & Community Service-Parks Maintenance",GIBSON
Fiscal 12/13,2340.24,Parks and Recreation,"Parks, Rec. & Community Service-Parks Maintenance",GLOBAL TECHNOLOGY SYSTEMS INC
Fiscal 12/13,9049.3,Parks and Recreation,"Parks, Rec. & Community Service-Parks Maintenance",GRAINGER
Fiscal 12/13,2070.05,Parks and Recreation,"Parks, Rec. & Community Service-Parks Maintenance",GRAYBAR ELECTRIC CO INC
Fiscal 12/13,2611.8,Parks and Recreation,"Parks, Rec. & Community Service-Parks Maintenance",GREAT WESTERN PARK&PLAYGROUND
Fiscal 12/13,150,Parks and Recreation,"Parks, Rec. & Community Service-Parks Maintenance",GRIBBEN
Fiscal 12/13,480,Parks and Recreation,"Parks, Rec. & Community Service-Parks Maintenance",GUPTON
Fiscal 12/13,255.63,Parks and Recreation,"Parks, Rec. & Community Service-Parks Maintenance",H2O ENVIRONMENTAL
Fiscal 12/13,60,Parks and Recreation,"Parks, Rec. & Community Service-Parks Maintenance",HAMPTON
Fiscal 12/13,150,Parks and Recreation,"Parks, Rec. & Community Service-Parks Maintenance",HAVENS
Fiscal 12/13,60,Parks and Recreation,"Parks, Rec. & Community Service-Parks Maintenance",HEAD JR
Fiscal 12/13,60,Parks and Recreation,"Parks, Rec. & Community Service-Parks Maintenance",HOGAN
Fiscal 12/13,198.57,Parks and Recreation,"Parks, Rec. & Community Service-Parks Maintenance",HOSE & FITTINGS ETC
Fiscal 12/13,90,Parks and Recreation,"Parks, Rec. & Community Service-Parks Maintenance",HUDSON
Fiscal 12/13,1497.9,Parks and Recreation,"Parks, Rec. & Community Service-Parks Maintenance",HYDRO WESTERN HYDRO CORP
Fiscal 12/13,5120,Parks and Recreation,"Parks, Rec. & Community Service-Parks Maintenance",INTELLIGENT PRODUCTS INC
Fiscal 12/13,1116.67,Parks and Recreation,"Parks, Rec. & Community Service-Parks Maintenance",INTERSTATE SAFETY & SUPPLY INC
Fiscal 12/13,616,Parks and Recreation,"Parks, Rec. & Community Service-Parks Maintenance",IRTH SOLUTIONS INC
Fiscal 12/13,150,Parks and Recreation,"Parks, Rec. & Community Service-Parks Maintenance",JANUARY
Fiscal 12/13,90,Parks and Recreation,"Parks, Rec. & Community Service-Parks Maintenance",JEROME PHILLIP
Fiscal 12/13,120.5,Parks and Recreation,"Parks, Rec. & Community Service-Parks Maintenance",JET PLUMBING & DRAIN SERVICES
Fiscal 12/13,163.95,Parks and Recreation,"Parks, Rec. & Community Service-Parks Maintenance",KAMAN INDUSTRIAL TECHNOLOGIES
Fiscal 12/13,60,Parks and Recreation,"Parks, Rec. & Community Service-Parks Maintenance",KIRKHOUSE
Fiscal 12/13,90,Parks and Recreation,"Parks, Rec. & Community Service-Parks Maintenance",LANDRUM
Fiscal 12/13,150,Parks and Recreation,"Parks, Rec. & Community Service-Parks Maintenance",LEGG
Fiscal 12/13,150,Parks and Recreation,"Parks, Rec. & Community Service-Parks Maintenance",LEGG
Fiscal 12/13,90,Parks and Recreation,"Parks, Rec. & Community Service-Parks Maintenance",LEWIS
Fiscal 12/13,20,Parks and Recreation,"Parks, Rec. & Community Service-Parks Maintenance",MAGSTADT
Fiscal 12/13,90,Parks and Recreation,"Parks, Rec. & Community Service-Parks Maintenance",MAYTAN
Fiscal 12/13,150,Parks and Recreation,"Parks, Rec. & Community Service-Parks Maintenance",MCCAULEY
Fiscal 12/13,150,Parks and Recreation,"Parks, Rec. & Community Service-Parks Maintenance",MCGRANNAHAN
Fiscal 12/13,10714.292,Parks and Recreation,"Parks, Rec. & Community Service-Parks Maintenance",MEEK'S LUMBER & HARDWARE
Fiscal 12/13,1430.8,Parks and Recreation,"Parks, Rec. & Community Service-Parks Maintenance",MEILLAND STAR ROSES
Fiscal 12/13,180,Parks and Recreation,"Parks, Rec. & Community Service-Parks Maintenance",MILLS
Fiscal 12/13,2365.69,Parks and Recreation,"Parks, Rec. & Community Service-Parks Maintenance",MIRACLE RECREATION EQUIPMENT CO.
Fiscal 12/13,150,Parks and Recreation,"Parks, Rec. & Community Service-Parks Maintenance",MOLT
Fiscal 12/13,120,Parks and Recreation,"Parks, Rec. & Community Service-Parks Maintenance",MORRIS
Fiscal 12/13,1928.79,Parks and Recreation,"Parks, Rec. & Community Service-Parks Maintenance",NAPA AUTO & TRUCK PARTS
Fiscal 12/13,150,Parks and Recreation,"Parks, Rec. & Community Service-Parks Maintenance",NELSON
Fiscal 12/13,1407,Parks and Recreation,"Parks, Rec. & Community Service-Parks Maintenance",NEVADA ORGANICS
Fiscal 12/13,463.65,Parks and Recreation,"Parks, Rec. & Community Service-Parks Maintenance",NEVADA POWER PRODUCTS INC
Fiscal 12/13,280,Parks and Recreation,"Parks, Rec. & Community Service-Parks Maintenance",NEVADA STATE DIV OF STATE LAND
Fiscal 12/13,150,Parks and Recreation,"Parks, Rec. & Community Service-Parks Maintenance",NICHOLS
Fiscal 12/13,90,Parks and Recreation,"Parks, Rec. & Community Service-Parks Maintenance",PERRY FRANK
Fiscal 12/13,55.61,Parks and Recreation,"Parks, Rec. & Community Service-Parks Maintenance",PETTY CASH-PARKS
Fiscal 12/13,120,Parks and Recreation,"Parks, Rec. & Community Service-Parks Maintenance",PRATER
Fiscal 12/13,493.32,Parks and Recreation,"Parks, Rec. & Community Service-Parks Maintenance","R&E FASTENERS, INC."
Fiscal 12/13,549.71,Parks and Recreation,"Parks, Rec. & Community Service-Parks Maintenance",RED WING SHOE STORE
Fiscal 12/13,1339.93,Parks and Recreation,"Parks, Rec. & Community Service-Parks Maintenance",REDI-GRO
Fiscal 12/13,45,Parks and Recreation,"Parks, Rec. & Community Service-Parks Maintenance",RENO DRAIN & OIL SERVICE
Fiscal 12/13,2622.51,Parks and Recreation,"Parks, Rec. & Community Service-Parks Maintenance",RENO PAINT MART INC
Fiscal 12/13,25,Parks and Recreation,"Parks, Rec. & Community Service-Parks Maintenance",RENO ROSE SOCIETY
Fiscal 12/13,150,Parks and Recreation,"Parks, Rec. & Community Service-Parks Maintenance",REYNOLDS
Fiscal 12/13,1257.24,Parks and Recreation,"Parks, Rec. & Community Service-Parks Maintenance",SAFETY ON SITE
Fiscal 12/13,120,Parks and Recreation,"Parks, Rec. & Community Service-Parks Maintenance",SCHEUERMAN
Fiscal 12/13,204.5,Parks and Recreation,"Parks, Rec. & Community Service-Parks Maintenance",SIERRA LIGHTING SERVICES
Fiscal 12/13,3053.75,Parks and Recreation,"Parks, Rec. & Community Service-Parks Maintenance",SIERRA PACIFIC TURF SUPPLY INC
Fiscal 12/13,610.44,Parks and Recreation,"Parks, Rec. & Community Service-Parks Maintenance",SIERRA REPAIR & SHARPENING INC
Fiscal 12/13,862.44,Parks and Recreation,"Parks, Rec. & Community Service-Parks Maintenance",SIERRA WELDING SUPPLY
Fiscal 12/13,564,Parks and Recreation,"Parks, Rec. & Community Service-Parks Maintenance",SIERRA WINDS PRODUCTS FOR LEISURE LLC
Fiscal 12/13,13472.04,Parks and Recreation,"Parks, Rec. & Community Service-Parks Maintenance","SIGNATURE LANDSCAPES, LLC"
Fiscal 12/13,449,Parks and Recreation,"Parks, Rec. & Community Service-Parks Maintenance",SILVERBLU SIGNS & MEDIA
Fiscal 12/13,2400,Parks and Recreation,"Parks, Rec. & Community Service-Parks Maintenance",SIMON
Fiscal 12/13,7800,Parks and Recreation,"Parks, Rec. & Community Service-Parks Maintenance",SOIL TECH INC
Fiscal 12/13,139.99,Parks and Recreation,"Parks, Rec. & Community Service-Parks Maintenance",SPORTSMAN'S WAREHOUSE
Fiscal 12/13,2500,Parks and Recreation,"Parks, Rec. & Community Service-Parks Maintenance",STANTEC CONSULTING INC
Fiscal 12/13,120,Parks and Recreation,"Parks, Rec. & Community Service-Parks Maintenance",STARR
Fiscal 12/13,278,Parks and Recreation,"Parks, Rec. & Community Service-Parks Maintenance",STARSOUND AUDIO INC
Fiscal 12/13,73.58,Parks and Recreation,"Parks, Rec. & Community Service-Parks Maintenance",STORTZ-LINTZ
Fiscal 12/13,409.06,Parks and Recreation,"Parks, Rec. & Community Service-Parks Maintenance",SUNRISE ENVIRONMENTAL SCIENTIFIC
Fiscal 12/13,3500,Parks and Recreation,"Parks, Rec. & Community Service-Parks Maintenance",TEMP
Fiscal 12/13,42.96,Parks and Recreation,"Parks, Rec. & Community Service-Parks Maintenance",THOLL FENCE INC
Fiscal 12/13,482.75,Parks and Recreation,"Parks, Rec. & Community Service-Parks Maintenance","THOMAS PETROLEUM, LLC"
Fiscal 12/13,207.1,Parks and Recreation,"Parks, Rec. & Community Service-Parks Maintenance",TITAN CONSTRUCTION SUPPLY INC
Fiscal 12/13,24976.2,Parks and Recreation,"Parks, Rec. & Community Service-Parks Maintenance",TOWN & COUNTRY LANDSCAPE MAINTENANCE
Fiscal 12/13,14474.06,Parks and Recreation,"Parks, Rec. & Community Service-Parks Maintenance",TURF STAR INC
Fiscal 12/13,150,Parks and Recreation,"Parks, Rec. & Community Service-Parks Maintenance",TURK-FIECOAT
Fiscal 12/13,19398.69,Parks and Recreation,"Parks, Rec. & Community Service-Parks Maintenance","UNITED SITE SERVICES OF NEVADA, INC"
Fiscal 12/13,179.05,Parks and Recreation,"Parks, Rec. & Community Service-Parks Maintenance",WASTE MANAGEMENT-RECYCLE AMERICA
Fiscal 12/13,2355,Parks and Recreation,"Parks, Rec. & Community Service-Parks Maintenance",WATERS VACUUM TRUCK SERVICE
Fiscal 12/13,2012.58,Parks and Recreation,"Parks, Rec. & Community Service-Parks Maintenance",WEDCO INC
Fiscal 12/13,15409.15,Parks and Recreation,"Parks, Rec. & Community Service-Parks Maintenance",WESTERN NEVADA SUPPLY
Fiscal 12/13,35,Parks and Recreation,"Parks, Rec. & Community Service-Parks Maintenance",WESTERN TURF
Fiscal 12/13,510,Parks and Recreation,"Parks, Rec. & Community Service-Parks Maintenance",WESTERNER SILVER SHOP
Fiscal 12/13,30,Parks and Recreation,"Parks, Rec. & Community Service-Parks Maintenance",WILSON CYNTHIA
Fiscal 12/13,90,Parks and Recreation,"Parks, Rec. & Community Service-Parks Maintenance",WOOD
Fiscal 12/13,3232.15,Parks and Recreation,"Parks, Rec. & Community Service-Parks Maintenance",WORK WORLD
Fiscal 12/13,60,Parks and Recreation,"Parks, Rec. & Community Service-Parks Maintenance",YEATS-PATRICK
Fiscal 12/13,150,Parks and Recreation,"Parks, Rec. & Community Service-Parks Maintenance",ZARKER
Fiscal 12/13,23187.12,Parks and Recreation,"Parks, Rec. & Community Service-Program & Service Management",ACTIVE NETWORK INC
Fiscal 12/13,22908.37,Parks and Recreation,"Parks, Rec. & Community Service-Program & Service Management",BANK OF AMERICA - CARDS
Fiscal 12/13,400,Parks and Recreation,"Parks, Rec. & Community Service-Program & Service Management",CONWAY
Fiscal 12/13,132.89,Parks and Recreation,"Parks, Rec. & Community Service-Program & Service Management",DELUXE BUSINESS FORMS
Fiscal 12/13,149.02,Parks and Recreation,"Parks, Rec. & Community Service-Program & Service Management",DELUXE FOR BUSINESS
Fiscal 12/13,5493.75,Parks and Recreation,"Parks, Rec. & Community Service-Program & Service Management",H2O ENVIRONMENTAL
Fiscal 12/13,100,Parks and Recreation,"Parks, Rec. & Community Service-Program & Service Management","HEUER INSURANCE AGENCY, INC."
Fiscal 12/13,4308.73,Parks and Recreation,"Parks, Rec. & Community Service-Program & Service Management",KAHL COMMERCIAL INTERIORS
Fiscal 12/13,1350,Parks and Recreation,"Parks, Rec. & Community Service-Program & Service Management",MACHABEE OFFICE ENVIRONMENTS
Fiscal 12/13,2370,Parks and Recreation,"Parks, Rec. & Community Service-Program & Service Management",MCSS LTD.
Fiscal 12/13,59.4,Parks and Recreation,"Parks, Rec. & Community Service-Program & Service Management",NEVADA RUBBER STAMP CO INC
Fiscal 12/13,9.99,Parks and Recreation,"Parks, Rec. & Community Service-Program & Service Management",OFFICE DEPOT
Fiscal 12/13,144.15,Parks and Recreation,"Parks, Rec. & Community Service-Program & Service Management",OFFICEMAX
Fiscal 12/13,81.3,Parks and Recreation,"Parks, Rec. & Community Service-Program & Service Management",PETTY CASH-PRCS SOUTHSIDE
Fiscal 12/13,35.6,Parks and Recreation,"Parks, Rec. & Community Service-Program & Service Management",SAFETY ON SITE
Fiscal 12/13,1634.96,Parks and Recreation,"Parks, Rec. & Community Service-Program & Service Management",SIERRA MANAGEMENT SERVICE
Fiscal 12/13,6000,Parks and Recreation,"Parks, Rec. & Community Service-Program & Service Management",TEMP
Fiscal 12/13,305.6,Parks and Recreation,"Parks, Rec. & Community Service-Recreation Centers",ALTER EGO STUDIOS
Fiscal 12/13,38,Parks and Recreation,"Parks, Rec. & Community Service-Recreation Centers",AMERICAN RED CROSS
Fiscal 12/13,719.64,Parks and Recreation,"Parks, Rec. & Community Service-Recreation Centers",AT&T
Fiscal 12/13,4064.65,Parks and Recreation,"Parks, Rec. & Community Service-Recreation Centers",BOWMAN
Fiscal 12/13,2846.26,Parks and Recreation,"Parks, Rec. & Community Service-Recreation Centers",BRACKNEY
Fiscal 12/13,298.25,Parks and Recreation,"Parks, Rec. & Community Service-Recreation Centers",DISCOUNT OFFICE SUPPLY INC
Fiscal 12/13,3081,Parks and Recreation,"Parks, Rec. & Community Service-Recreation Centers",FIT TO YOU
Fiscal 12/13,1271,Parks and Recreation,"Parks, Rec. & Community Service-Recreation Centers",FITNESS2GO
Fiscal 12/13,3642.6,Parks and Recreation,"Parks, Rec. & Community Service-Recreation Centers",FRISONE
Fiscal 12/13,1040,Parks and Recreation,"Parks, Rec. & Community Service-Recreation Centers",GOJO - RYU KARATE - DO
Fiscal 12/13,1490.7,Parks and Recreation,"Parks, Rec. & Community Service-Recreation Centers",GRAINGER
Fiscal 12/13,847.6,Parks and Recreation,"Parks, Rec. & Community Service-Recreation Centers",LARSEN
Fiscal 12/13,21,Parks and Recreation,"Parks, Rec. & Community Service-Recreation Centers",LEE JOSEPH INC
Fiscal 12/13,214.5,Parks and Recreation,"Parks, Rec. & Community Service-Recreation Centers",LOGOTETA
Fiscal 12/13,5892.25,Parks and Recreation,"Parks, Rec. & Community Service-Recreation Centers",MASLIN
Fiscal 12/13,819.67,Parks and Recreation,"Parks, Rec. & Community Service-Recreation Centers",OFFICEMAX
Fiscal 12/13,49.45,Parks and Recreation,"Parks, Rec. & Community Service-Recreation Centers",SAFETY ON SITE
Fiscal 12/13,692.3,Parks and Recreation,"Parks, Rec. & Community Service-Recreation Centers","STANLEY CONVERGENT SECURITY SOLUTIONS, INC."
Fiscal 12/13,3597.75,Parks and Recreation,"Parks, Rec. & Community Service-Recreation Centers",THROOP
Fiscal 12/13,3540,Parks and Recreation,"Parks, Rec. & Community Service-Recreation Centers",YEAMAN GUY
Fiscal 12/13,691,Parks and Recreation,"Parks, Rec. & Community Service-Recreation Centers",YESCO
Fiscal 12/13,1827.5,Parks and Recreation,"Parks, Rec. & Community Service-Recreation-Adaptive",INTREPID EQUIPMENT LLC
Fiscal 12/13,2200,Parks and Recreation,"Parks, Rec. & Community Service-Recreation-Inclusion",AIRPORT MINI BUS
Fiscal 12/13,450,Parks and Recreation,"Parks, Rec. & Community Service-Recreation-Inclusion",AMBASSADOR PRODUCTION OUTREACH
Fiscal 12/13,4794,Parks and Recreation,"Parks, Rec. & Community Service-Recreation-Inclusion",BIKE-ON.COM
Fiscal 12/13,18180,Parks and Recreation,"Parks, Rec. & Community Service-Recreation-Inclusion",BOARD OF REGENTS-UNR M/S 296
Fiscal 12/13,300,Parks and Recreation,"Parks, Rec. & Community Service-Recreation-Inclusion",CARSON CITY BBQ
Fiscal 12/13,3165.14,Parks and Recreation,"Parks, Rec. & Community Service-Recreation-Inclusion",CIRCUS CIRCUS HOTEL CASINO
Fiscal 12/13,4212,Parks and Recreation,"Parks, Rec. & Community Service-Recreation-Inclusion",COMMERCIAL FITNESS EQUIPMENT
Fiscal 12/13,2058.06,Parks and Recreation,"Parks, Rec. & Community Service-Recreation-Inclusion",COMMERCIAL RESTROOM SOLUTIONS LLC
Fiscal 12/13,1615.19,Parks and Recreation,"Parks, Rec. & Community Service-Recreation-Inclusion",COSTCO
Fiscal 12/13,2500,Parks and Recreation,"Parks, Rec. & Community Service-Recreation-Inclusion",DOWN SYNDROME NETWORK OF NORTHERN NEVADA
Fiscal 12/13,1477.5,Parks and Recreation,"Parks, Rec. & Community Service-Recreation-Inclusion",LUTZ
Fiscal 12/13,12623,Parks and Recreation,"Parks, Rec. & Community Service-Recreation-Inclusion",NEVADA CONTRACT CARPET INC
Fiscal 12/13,3000,Parks and Recreation,"Parks, Rec. & Community Service-Recreation-Inclusion",NO LIMITS
Fiscal 12/13,2500,Parks and Recreation,"Parks, Rec. & Community Service-Recreation-Inclusion",NORTHERN NEVADA CENTER FOR
Fiscal 12/13,26.42,Parks and Recreation,"Parks, Rec. & Community Service-Recreation-Inclusion",OFFICEMAX
Fiscal 12/13,62.5,Parks and Recreation,"Parks, Rec. & Community Service-Recreation-Inclusion",ORTIZ-CLONINGER
Fiscal 12/13,70.96,Parks and Recreation,"Parks, Rec. & Community Service-Recreation-Inclusion",PETTY CASH-PRCS SOUTHSIDE
Fiscal 12/13,1500,Parks and Recreation,"Parks, Rec. & Community Service-Recreation-Inclusion",PIXELLA PRODUCTIONS
Fiscal 12/13,4081.51,Parks and Recreation,"Parks, Rec. & Community Service-Recreation-Inclusion",RECREONICS INC
Fiscal 12/13,2373.59,Parks and Recreation,"Parks, Rec. & Community Service-Recreation-Inclusion",SAFEGUARD WEB & GRAPHICS
Fiscal 12/13,5000,Parks and Recreation,"Parks, Rec. & Community Service-Recreation-Inclusion",SIERRA CHALLENGE ATHLETIC ASSOCIATION
Fiscal 12/13,19000,Parks and Recreation,"Parks, Rec. & Community Service-Recreation-Inclusion",STAND UP AND PLAY FOUNDATION
Fiscal 12/13,126,Parks and Recreation,"Parks, Rec. & Community Service-Recreation-Inclusion",SUPERIOR HYDRAULIC & FABRICATION
Fiscal 12/13,5000,Parks and Recreation,"Parks, Rec. & Community Service-Recreation-Inclusion",TEAM RIVER RUNNER INC
Fiscal 12/13,5050,Parks and Recreation,"Parks, Rec. & Community Service-Recreation-Inclusion",THE NOTE-ABLES
Fiscal 12/13,449.22,Parks and Recreation,"Parks, Rec. & Community Service-Recreation-Inclusion",TURF STAR INC
Fiscal 12/13,1700,Parks and Recreation,"Parks, Rec. & Community Service-Recreation-Inclusion",VSA ARTS OF NEVADA
Fiscal 12/13,40.5,Parks and Recreation,"Parks, Rec. & Community Service-Recreation-Inclusion",WILD ISLAND
Fiscal 12/13,109.25,Parks and Recreation,"Parks, Rec. & Community Service-Recreation-Inclusion",WILD ISLAND COCONUT BOWL & HIGH BALLOCITY
Fiscal 12/13,493,Parks and Recreation,"Parks, Rec. & Community Service-Senior Development",AMADOR STAGE LINES INC.
Fiscal 12/13,24000,Parks and Recreation,"Parks, Rec. & Community Service-Senior Development",AMBASSADOR PRODUCTION OUTREACH
Fiscal 12/13,1300.64,Parks and Recreation,"Parks, Rec. & Community Service-Senior Development",AT&T
Fiscal 12/13,5400,Parks and Recreation,"Parks, Rec. & Community Service-Senior Development",BILINGUAL DISC JOCKEY
Fiscal 12/13,896.86,Parks and Recreation,"Parks, Rec. & Community Service-Senior Development",CAL-NEVA
Fiscal 12/13,896.86,Parks and Recreation,"Parks, Rec. & Community Service-Senior Development",CAL-NEVA RESORT SPA & CASINO
Fiscal 12/13,68.92,Parks and Recreation,"Parks, Rec. & Community Service-Senior Development",CDW-G GOVERNMENT INC
Fiscal 12/13,2263,Parks and Recreation,"Parks, Rec. & Community Service-Senior Development",CHAMPION AWARDS & ENGRAVING
Fiscal 12/13,803.47,Parks and Recreation,"Parks, Rec. & Community Service-Senior Development",CHARTER COMMUNICATIONS
Fiscal 12/13,310.42,Parks and Recreation,"Parks, Rec. & Community Service-Senior Development",CLAYWORKS
Fiscal 12/13,7350,Parks and Recreation,"Parks, Rec. & Community Service-Senior Development",COLIN ROSS MUSIC
Fiscal 12/13,3867.56,Parks and Recreation,"Parks, Rec. & Community Service-Senior Development",COSTCO
Fiscal 12/13,2440,Parks and Recreation,"Parks, Rec. & Community Service-Senior Development",CREATIVE CONCEPTS
Fiscal 12/13,5785.6742,Parks and Recreation,"Parks, Rec. & Community Service-Senior Development",ELDORADO HOTEL CASINO
Fiscal 12/13,2300,Parks and Recreation,"Parks, Rec. & Community Service-Senior Development",FARIAS
Fiscal 12/13,150,Parks and Recreation,"Parks, Rec. & Community Service-Senior Development",FEEMSTER
Fiscal 12/13,210,Parks and Recreation,"Parks, Rec. & Community Service-Senior Development",FOX LORETTA
Fiscal 12/13,9205.12,Parks and Recreation,"Parks, Rec. & Community Service-Senior Development",HARRAH'S RENO
Fiscal 12/13,319.5,Parks and Recreation,"Parks, Rec. & Community Service-Senior Development",HEWLETT-PACKARD
Fiscal 12/13,4468,Parks and Recreation,"Parks, Rec. & Community Service-Senior Development",JOSE AND ASSOCIATES
Fiscal 12/13,1200,Parks and Recreation,"Parks, Rec. & Community Service-Senior Development",MT ROSE DEVELOPMENT CO
Fiscal 12/13,88,Parks and Recreation,"Parks, Rec. & Community Service-Senior Development",NATIONAL AUTOMOBILE MUSEUM
Fiscal 12/13,144,Parks and Recreation,"Parks, Rec. & Community Service-Senior Development",NEVADA MUSEUM OF ART
Fiscal 12/13,23.4,Parks and Recreation,"Parks, Rec. & Community Service-Senior Development",NEVADA PRESORT & MAIL MARKETING
Fiscal 12/13,329.42,Parks and Recreation,"Parks, Rec. & Community Service-Senior Development",OFFICEMAX
Fiscal 12/13,400,Parks and Recreation,"Parks, Rec. & Community Service-Senior Development",PALMORE
Fiscal 12/13,2000,Parks and Recreation,"Parks, Rec. & Community Service-Senior Development",PEOPLE FIRST FOUNDATION
Fiscal 12/13,382.55,Parks and Recreation,"Parks, Rec. & Community Service-Senior Development",PETTY CASH-PRCS SOUTHSIDE
Fiscal 12/13,258.87,Parks and Recreation,"Parks, Rec. & Community Service-Senior Development",SAFETY ON SITE
Fiscal 12/13,1000,Parks and Recreation,"Parks, Rec. & Community Service-Senior Development",SENIOR SPECTRUM
Fiscal 12/13,590,Parks and Recreation,"Parks, Rec. & Community Service-Senior Development",TEMP
Fiscal 12/13,136.8,Parks and Recreation,"Parks, Rec. & Community Service-Senior Development",UNIVERSITY OF NEVADA
Fiscal 12/13,140,Parks and Recreation,"Parks, Rec. & Community Service-Senior Development",VALLEY SERVICES INC
Fiscal 12/13,200,Parks and Recreation,"Parks, Rec. & Community Service-Senior Development",WILD ISLAND
Fiscal 12/13,35,Parks and Recreation,"Parks, Rec. & Community Service-Urban Forestry",ARBOR DAY FOUNDATION
Fiscal 12/13,185.52,Parks and Recreation,"Parks, Rec. & Community Service-Urban Forestry",COSTCO
Fiscal 12/13,31.26,Parks and Recreation,"Parks, Rec. & Community Service-Urban Forestry",EWING IRRIGATION & INDUSTRIAL
Fiscal 12/13,2577.6,Parks and Recreation,"Parks, Rec. & Community Service-Urban Forestry",INTEGRITY PEST MANAGEMENTLLC
Fiscal 12/13,104.5,Parks and Recreation,"Parks, Rec. & Community Service-Urban Forestry",NAPA AUTO & TRUCK PARTS
Fiscal 12/13,100,Parks and Recreation,"Parks, Rec. & Community Service-Urban Forestry",NEVADA LANDSCAPE ASSOC
Fiscal 12/13,750,Parks and Recreation,"Parks, Rec. & Community Service-Urban Forestry",NORRIS PEST CONTROL
